relative_path	bytes	sha256
.git/COMMIT_EDITMSG	38	999331d081579313c98859f28506ad6ba4659554ae2efced9a109a1aa2fd6b09
.git/HEAD	21	28d25bf82af4c0e2b72f50959b2beb859e3e60b9630a5e8c603dad4ddb2b6e80
.git/config	347	68801a9782114accb24df7b787c004f53817de47ce4ba7af8d5e708ea195979c
.git/description	73	85ab6c163d43a17ea9cf7788308bca1466f1b0a8d1cc92e26e9bf63da4062aee
.git/hooks/applypatch-msg.sample	478	0223497a0b8b033aa58a3a521b8629869386cf7ab0e2f101963d328aa62193f7
.git/hooks/commit-msg.sample	896	1f74d5e9292979b573ebd59741d46cb93ff391acdd083d340b94370753d92437
.git/hooks/fsmonitor-watchman.sample	4726	e0549964e93897b519bd8e333c037e51fff0f88ba13e086a331592bf801fa1d0
.git/hooks/post-update.sample	189	81765af2daef323061dcbc5e61fc16481cb74b3bac9ad8a174b186523586f6c5
.git/hooks/pre-applypatch.sample	424	e15c5b469ea3e0a695bea6f2c82bcf8e62821074939ddd85b77e0007ff165475
.git/hooks/pre-commit.sample	1643	f9af7d95eb1231ecf2eba9770fedfa8d4797a12b02d7240e98d568201251244a
.git/hooks/pre-merge-commit.sample	416	d3825a70337940ebbd0a5c072984e13245920cdf8898bd225c8d27a6dfc9cb53
.git/hooks/pre-push.sample	1374	ecce9c7e04d3f5dd9d8ada81753dd1d549a9634b26770042b58dda00217d086a
.git/hooks/pre-rebase.sample	4898	4febce867790052338076f4e66cc47efb14879d18097d1d61c8261859eaaa7b3
.git/hooks/pre-receive.sample	544	a4c3d2b9c7bb3fd8d1441c31bd4ee71a595d66b44fcf49ddb310252320169989
.git/hooks/prepare-commit-msg.sample	1492	e9ddcaa4189fddd25ed97fc8c789eca7b6ca16390b2392ae3276f0c8e1aa4619
.git/hooks/push-to-checkout.sample	2783	a53d0741798b287c6dd7afa64aee473f305e65d3f49463bb9d7408ec3b12bf5f
.git/hooks/update.sample	3650	8d5f2fa83e103cf08b57eaa67521df9194f45cbdbcb37da52ad586097a14d106
.git/index	35378	8bd745529a67d2920314c096df88f6c82b8b6ed1498555d259f573c4cdb4df28
.git/info/exclude	240	6671fe83b7a07c8932ee89164d1f2793b2318058eb8b98dc5c06ee0a5a3b0ec1
.git/logs/HEAD	205	5dc2d9ba10848cd4483e40501e98607311a738a0161cd913c6ee988e471d7032
.git/logs/refs/heads/main	205	5dc2d9ba10848cd4483e40501e98607311a738a0161cd913c6ee988e471d7032
.git/logs/refs/remotes/origin/main	150	7742cfe4162be1ef9938504801424214b164f86074ef098e069b13b60b83f5b3
.git/objects/02/095d535712e46559dd2bbe592814115ab50c4b	24516	8cea7864887a1ce21c984333694e7257a43f15a31aef52dc2c7904538e8ab038
.git/objects/02/ef808d56cdc30ad9633818a34cebafc5e4179b	1455	d65af6aaa5902ef011bf989f3b8e8a81a51ca6234d06a8cf8efbfd10f89d6d08
.git/objects/03/218a7abbbb81787e9fae8d38cfc70f14813fa5	194	4948df003a6ca1c25c587943d3ea76492dbadd16a8ff56ce2b08d20b661af482
.git/objects/03/3d9f22739176edee5f53c6ee09cd2681865356	4518	9472107cf443839c82060b34f5f707d37b09ea3af692674476c2107c2726f5da
.git/objects/03/5b87ccc74ffcc942bfcba2f6725b461c525aea	405	c7422c0506698fdc41b8d9390d037631d3c465075bf6d0bb6cf58badc58422fe
.git/objects/03/cba4ec2bb958fbf9436721d48ecda3529f9e35	206240	0b63b80149b234bc3d51c48b014e7b8317d9b482ee4e14630293677daae9ebea
.git/objects/05/da8f10eee3f5ddd2780cb4b27d0bf5d5851ed7	1433	091ecdb8aef60424f37842a9322ceaccfa9733c8a4687d9faf4d1ac586a7eb72
.git/objects/07/5115addb42551e81f2ba74db82ba3187631908	1045	08b6d35ef78836ce04f46b876550637099bf1f2f8ae22f56c279c0e6f65d6466
.git/objects/08/c8d0900999a34b5ab6e61b2ab3e5e1d071b80f	1300	0d45535e7eb9ece92258509ce3336364a788a6136792d4175d3e08f16684a66b
.git/objects/0a/8c0acf046ef524fb7a365685c89d957824b6d2	6140	c2c1645fc179e5bb54129a2f5519ef1ce9318dcccfe0f5d102e7344fd3e086f9
.git/objects/0a/a0884b5f1f9e7dfb751b4062062c26c60b8346	50289	cced8c93a8a31fccb903035d478735c3f3124a48c9839aef36df42457f0472ea
.git/objects/0e/581e8bae3793bddce6eaaf27f865a8b887c476	669	56b1811913947a80ec59be90834dcce56118fea6f522398dd76617bc455c75dd
.git/objects/0e/f3b2332b90ca64fc357f7207aab345b4895380	424	780b16950d6178a88801b75cfdb816630ef6d7575b949570aa4c7f8ff372e7da
.git/objects/0e/fa849917924a2988e5f6e038f4925d97028bba	1063	721266889a485fe285276a33a601c18f423c96a760ac9a3f37eb0fd9d561a0c2
.git/objects/0f/1840e8deb542b24336d927b51d218b2c87b007	458	e847d755677bb7dd72741c0af7b55ffcbd41d9401c9a5367cb96a77e3630b0ac
.git/objects/11/0407648c45fc68c9c4dff158d7566696ca3f4a	779943	c5ccaec8fee878e3b6aa5adddf4a111c59e40c0adf7acefb0b809c2a3bb3c124
.git/objects/12/500dcde4ba39724d2941055f333a73ec6a2202	617	15901c63e77ae1d8c3aa5ef356ca72243fd514fb6d88abaa14ac5ed5a4f2053b
.git/objects/13/169007d85d0eacac7a1b7627b4f52e77f3920e	2019	58c66d571467dc96d3c7c096bf73207c593d7b34357155710c16216fc0a54459
.git/objects/13/3e46103815b2aa7d3cd7467d3ee110e7bc661f	650	5305cfb9bedc8e2b0af5405fc2803c2d8e497e53da79f8a9926c83b44c2a4b81
.git/objects/13/6f66afddf72302c18c9ce6c2ab3693b0d86932	14704	6bae0bf9ca57e99e4b948702b21ddc3c1b641c336a0da53a955ea99244e541e9
.git/objects/14/0619e0d8468ce9f5c4d162b3cc75dc5614717b	468	576a59a391957997c366f161f10174137d85e2fe55950f351e259f7139089224
.git/objects/14/4c0e2d4558a2d266f26d1536677f16d5aa6634	516	8134d8019999d4c63e369b428720bfebb6b1bce982213966323d464cfca57f16
.git/objects/14/ae8488b17ef76b710bc4e1f508cd779195bc48	512	40136ffdc60a99d851563bdfa4df6ffb9142324e9abd915a0237497a84112ff2
.git/objects/15/95f0a2abd73931c81b2c85d87521a7d697b1c0	85	1e1b156b7645c22a49ca243368659ca32b33ab619588a55fb2d676ddbe52f982
.git/objects/15/f817832f540055795ed3d6cea9879884b46839	4454	e3f152c9a25ec1a14dd02b084996da39ce874e8a1736c6097a9ae07eb665a4c8
.git/objects/16/5dcf80c3e81db75bc1245f7a77c7760be98b96	157	0b11786bc1d4f613c5897af6f1d6ccfc134a1109188c65195c90daa0f39497ad
.git/objects/18/1c2d37f9e194a080d92166574468efe430e442	798	c67f290fbc2f344fc79f6bb08f678b571da6dbaeb6a98763c0d5bbffa0a9f703
.git/objects/1d/643cee1b9b7209e6b725d09fb82fc88de96f0b	1240	c684cad1fae4c62fd8e356c530670a89a6b3b1cc0e127c8fdc4e5e70dd7256bc
.git/objects/1d/901bfff6ff1ac8710c897f38d14bd71da7900f	10552	e3d9beb77b1454ef66748d2763a5ef360204f70e07345d25eb39fcafe355b6aa
.git/objects/1e/d676b92d97715230cd119f6177954681147aef	280	e751b1274bbaf1c85c9e724cdaba688ff684c658b472e5e05fab508111310ffa
.git/objects/1e/dccb8f8e0a4a6c0b5b2a28aca4a3a5e8e35b10	673	fa00a30a4f008fa09104bdbb6bab42efc97906a169af4d998a2309503e04e1b8
.git/objects/1f/5ef073b45221ee5e24a4b74ca53054f50dddeb	21533	77f27babc8e55c71d85c6075ed0357763c2165b87e719284ebfaba11c31db0d2
.git/objects/21/436d22c33b966f45f5e8ad5ab2de71543aaf94	549	46c3e23870ebf5194f80208a0195eac80bb991ba57668a3075da1e5652b12d73
.git/objects/21/873ebb1d61850d30efccef2017912c3f3d86b5	3338	33d6a4672c615099ffe61d5e2e706140b9015c4de29da4b9af76499741cd020f
.git/objects/22/f439d97b3433fcacc88f716d8b756caa8663d6	1030	b8f5897c0d144c85f2fe0d5e345540ef5f9ae687c5a2b46189eccafa9204aaae
.git/objects/23/83ce9fca251e8b63a38c106d133ba40ec21921	449	e9fda67f5c1fdfd3fa3a04c86f75b5ad021a16717bf285ab4deeb16a17b49372
.git/objects/23/9942cd4714a8094fa65ffff628b85d22852722	4212	f26b0268a162547c02b1b49ca136181f8fae391526bcd0f1f2ddb8bb6e68842f
.git/objects/24/fd087d1605a0c47b85144f1d2d1717a4610727	821	642da7833d0277fa5b6e88975e99fd879a7393566ee4de6dcb40955583380e87
.git/objects/27/437d008e1f5498971ec74c1ceea83ee5c6ca97	604615	59ea0a4bf6ce7eff2433ae441dcbfcb65ae332f5b440da78c9b3025bad359611
.git/objects/28/43a0b70bb70d3ffb02f6b651067a53a092662a	15073	b30b5b6c6ad5aea59e5847f09dbf3c28a85ef1f798541f3a3f62238bbfac9d82
.git/objects/28/ca023041d03b25963429af901e921e4d6194ec	53215	bd7f84fbe46da920eab48b0cbbbd83b48943f3832e4acec6e9062f82381860e8
.git/objects/2a/3b1d9e1b22c70f202540159b17e3a146387103	3592	022d291df6c0f04d5b400fdd51cc0178cb9af978569b2340f1f3693e0ca74bb5
.git/objects/2a/d0c316adf1a93aebf1c0df5018ef77156757fa	226	5f089f24e682d0984473e29d92e1083d490266752d166177fddda3049fd26395
.git/objects/2a/fc64ff2de782bd0995f85cb0c26e716cdf5870	999	9fd648a9f5f8be17aa7ec7952e3b572b6e0be1b3f6b8842252a744d2b85e2840
.git/objects/2b/00440ef1e8cf824f0b59e6b8e24358ee506602	665	42bbcda89d894eb80f95d015374a35e66415392d9ce7143ae8f65788663fdfcb
.git/objects/2c/b0d19b9ca13702575443626d90ed727c180731	375	0c8bed06672f0a441edfc94e7d6d9cffd35fcc450fad9614404b55ca70750282
.git/objects/2d/660c8f4035176fb9e35039cf4a93f12c607eab	151	790835efa773123968c9c34c2d316b0cfa5df0061c850acd78fff55c4be2aac3
.git/objects/2d/9fb7a39bdae202d9bb6b5957d4f66764779d7c	302076	cfed618cac2b6855d377a4f6f12709b06872d301ec213c65e2e431beeca8f0a3
.git/objects/2e/feca550049607c0f6ffe2e00f0184c20423257	417	c8bdaafb9e78a63280da0d422f85a04f9c287242d8d663c9e462f73b313ad61f
.git/objects/2f/d670ccb562df5b1c6b94e8cb49090d54a963c2	797	3abe302e3c8416af11436f652894491bc78659670c996e12944c119560eba047
.git/objects/2f/f663fe2ed7d90eae4cb1f3d9774c499eee62c8	659	87c7d1fc049bce7c574876e1bf01d044268f1e0acd9190780424edc2c8956892
.git/objects/2f/fe8c8751499ad3a923d0743fb6339f9212122a	905	38140a1bb2d21e46006980174096fd40121bdf9d72e06709c33e417ef707615c
.git/objects/30/4edd7d6d976bf65bf3247b2097bc26bcb2d177	7330	7077a5ac68e9167fd95ff99aa3d71a8dd7ecc2d5ae1933216a0751c5d4fb5209
.git/objects/30/f331d6276bae7a238b29c98e567dfdc73d3b6b	167770	ffef5ecae072bcde5204797219d2610154b7aac5003dc61a73ea7ba6b4311725
.git/objects/33/3d886cf1263633f407c2c8b68a11ee99b371d5	683	e11e45af335bdaaa3e3e1a060ec36a4b5a00d3425911b1630e3485ce5bc17398
.git/objects/33/92b18ef376d29858691d3752b05f30b10365d4	650	675c4909ad4e2086199c745df9ac7bac149c4fa06efc48f023b8fd00bab3252a
.git/objects/33/d69f8e990154707b7f969b60fb2b85581ec297	472	4576cbb72bf907400b865c2bf85494b3baaaede1a93a1c87ddbee48535fd79e3
.git/objects/34/25e18e2311c532229ca8eeae3f7be86d099800	5463	f8e5018dd50260fedcb26a92bfc240ab02c1bf31bf90ba07045ca97e4bbd45a2
.git/objects/36/81886d459dc0d7f9f8d27c7a8573103e7650b1	374	879c2c85db0b5707486b59a38f6e74b94f404b2ff42753f8349ffea7276b1a52
.git/objects/36/9d57c397be896853e621adeada7d6280fda333	750	3f00b0a91cc978b8f800b9051c5107e869e2e3354f4498e72a719a3b84190416
.git/objects/38/55be1cda89c18a254030ced1c0b982ab189c69	656	8fb3a502e244847ca3b21b0ec5972da75f81e9ab67ce53b1e57d420aef19219a
.git/objects/38/68e08d24ce507c7b0997422efd65f22e023bd6	148	2ac8ec591391390f9bb8c28e77c0af4659608cc20e04e7eb3e860a56c63a6ee0
.git/objects/38/e4b333b739daef1b4ae2ca1e32b5d84255311d	679	46c6b15da0290c611f59a01ae911a412f32e93a75619b7c8edfdfe7cd5948cb9
.git/objects/38/e5670f653b8e7ea3cd44d3a774992d22e25596	53140	208138a6debae0e48ee542e07368bbcb6dfe82a06353adbf8feef41049bc12f6
.git/objects/38/fd22b4dd986ece5d74bbd65ec911f4b4af9d7b	943	6f8a7ec89640defa889b6009708b2712efd2e0d9017413fbe556c9c80adb59af
.git/objects/39/47d82b72b3dc031b9dec326e98bc0bb3ce2916	3182	cb06c4e937a5c6c906eeff4c0d275601fc0c524685ccd3c360c384c9751b55d7
.git/objects/3b/5aeb4723fd196e64d6ce46c76dda79c75bfed5	444148	4d497162e00239c22395ca445d368050ddc64bc4577c35b4d71885fc636b0a6c
.git/objects/3b/9ae56e0d4fab881d18e842fbf06d9cd05d3e49	85719	6c77911b67a4c77b0a283f4c7feaf931ad127cb5b11a5223bb8fa8273dbb791e
.git/objects/3c/835585b74a0a93acae58ceb4f361359dd6659b	6455	7833f2bcf2ad634899b2343919ea23a1d34e37485747d4cca7e17f68240cc114
.git/objects/3d/c5b533ac2f5e7377d9df49a801513313d0af5f	534	aaa141a039f77dbb25627792c39a4995a5e9f6702cb9fabf4ed689b69a1ea169
.git/objects/3e/5b2ebfe8fa9d289af2a55507ad0aca99902352	43589	7066ab89eb5bcc5aa27b8af8bdc495279aac17bda19be684a225fe7b3cfae5e0
.git/objects/3e/93fa2276961d72bee989c5ccd8fef71494af36	1635	2de2eb1ed1cc28259655996a756c73ceff00ce12a94fd1dcea1ae402b380f31b
.git/objects/3f/f5d4c4008b9a34de565a429754e1fc252c8539	7238	65431c75f06d14e6351672a06ce5694ce3abdadce0129deb1d15519748d8088c
.git/objects/40/b98859171381c1003620fce3ddd6f59c645e17	376	56964eaf37866675e5e092e6274130968c5be7d470ba311dc14e385cf6b1395a
.git/objects/41/7aa90c838adffb83d1b954a006810dfc829349	608	e3817efcff5afc9151524ba5a6228f3b541a688388261cb720d8ab4e3999dcbd
.git/objects/41/c911b7081d0182673e5c8ea79df7c456b5d902	698	faf4cdc1ba4b045bf4df65e18a69de3db074c51321cfe98ab31c0916a1424668
.git/objects/42/6c3e264715be6a8abae566c323ac3f787455af	1264	1dff3f0dbe4fa427077f6d5e28d8c4ac110bda8b13ac4c911251143791af3c69
.git/objects/43/0a41cdd08bc9ca75d43c2b5a361b80c38b0bc0	424634	27b5e380689bbf8039f3ed791a920154ad7ca88f6ecb1545f0b5676260e1a128
.git/objects/43/baa1a0592d306c5938cbfdc9a937ebc9f775db	1123	863114cec8eea25a4729bb149f0ad820f8055c1ccf793cc71093203234350362
.git/objects/4a/3e6f4d1457168338f32666b04e2c5f34dee040	982	f20505883522210b5b0c8abc97c005410b45c7bee9019e97c9c055438d9dc3bb
.git/objects/4b/7195e434e473605e181f24a638e5792818234d	1061	e281bbb8ce2f8d1c397e29f47f6b2a94dddc00f9f4d13d60bac8a4d14fe86bdc
.git/objects/4b/7464b3411e913b9f39abac6533ab2c08bf42f7	29572	d8db1ce587423a7b6f4004d460e7df0ddd095fefd3ec09719a8c3474750d8f92
.git/objects/4b/83c71437396a674b5d21bbf91973b8462c4bc6	452687	73c4be2c0d54138b178c21b88faeaae201a67c0252a7bd75253c11b708475f0b
.git/objects/4c/89e5c5ce489c507984e5c2c3f57bcbe94315c1	1051	7ad04e989dad43a955b1481234972892f10482bb363ea8ef33ac2b65479d2add
.git/objects/4c/b6afd516cb18885f4425b5ecb01a8e9feb10fd	482	283f18c5b22c858fe0100f21881f6f013ee0e5db1c919c57b7d3c3e3d9b47bd6
.git/objects/4c/c933fd3d5842299473eafe9dedd32f63c40c72	26576	8340b45ec95ad6af8d1c2c0757cbac659ea3c1fac193cfc7794b071f855c121c
.git/objects/4e/3629ee5ff603e69ca5220137131abe5a1e2885	124	dda7f2f2443d5406c5290cc21a7b80eeebf20c1ec255cf4238e8333665b915ed
.git/objects/4f/4ded84b43029d5c2fa237d268ab8806b969e74	558	e00e881cf41431bea4628d7dafab11f34e63571a43bd1e39b0dbf9311a7b5eea
.git/objects/4f/7ba1cf21b52d376c66ef3428c9631e4bb38421	1116	be12c08994477b4a513cefe75def062e04a7788a7f54d34d5147efcabbf8b743
.git/objects/50/1e93e2bba0cbea4145edca3ae469f59db14acf	1269	69c79ec9e1189d78a37be41be1069ced2e30a21a79cabeedbe5257a25d80e3b1
.git/objects/50/bcaa771494e91feb9ad397dd299c508ee76e50	8159	6a93467ba17a504762b8967baf9ccac7185484197639ced522a894fca5730de6
.git/objects/51/b2b260f3514a1b051d52e8d725806a2d4c106c	1133	2124e5a15484be9cdaf322e55df9904c2f83a13d4fb91fa381e811855187528a
.git/objects/52/59097ef505b9b104e79d92f836206b000320dc	327	d3f1063899216d4b4ff0f4ce5528c18b64c244cc67159ef823172f214f17d7f9
.git/objects/53/9906e5ebfe5a0f0e113e27895c0f7e9dd32ddf	15079	952ab868f7e425e1c07b3eada0cd937296be6639fc5ae12c8fd7fdc55fd6a1ad
.git/objects/54/147988294308cceef311854736a4f54a3ada98	2074	7ce1543baf3eeb60bf4570212627d1cfde733f1701671775979696f92e22006a
.git/objects/54/cfba759a7892ed7a7635959a71f1e4206654bc	9723	6b0d9705cd1486585dc15bf0574397689b94a1acd4b8aa07a0b313944f2c531e
.git/objects/58/968a4f57c0efd3ba2408e2a96acc687031045f	15769	ea8554d1e5d112c3ddff22610b3505f88bd055cf9be917f5df7ef9c410a593b3
.git/objects/58/b2d37948097d3fdb24fb4450abb5d6ec434232	676	8335ac49c7723fe9f7726f3b462af43dd6cafcc065cc2b10d0a8184ab8be7ff5
.git/objects/58/c6e5cfa8b627d5ffd24c6ff494de22d5f3d687	5608	57d6cce70c288ebd0500dbaa21e605a207181741a986c4c44650708432780bc2
.git/objects/5a/1178983bc8b9bbac7ff565d97f27a060997de0	251	37a33d0c11cc8179ff912f54af154a1c70b5d3c91cd62603b393ea461c2da157
.git/objects/5a/6f078a398fb565e4e9750ae7f67d34868866f0	2337	16c89ed8cfd418a7389013061b00b4294788e43c491ca27f9170f2d8c89b51bf
.git/objects/5b/19447ee31a5fe85b931baeeb1ee9c327bec34e	970	ca176ced4eb6a0b1ebf3be1343ce99fdc3c540cfc2af177a5e36492f7a65e450
.git/objects/5c/61ba9297b47dc1cc47a31f6ce7a2230fc1b75b	1462	7dc9d6d881ca5be82394a1b2ba45ebd8a345347a80f42991f16e20a7772ef8ee
.git/objects/5e/0bb5f55036553558478321580cd42be6dd55b0	3698	ef59ac3f069be202d9933086a6b208b2bb37fb81215177ea3655d9d479e6d75f
.git/objects/5e/826ccaad29c1a3e0356a48ca3ac6c9326c734a	161	e5f45d8f69380c444e68303daa69ae8ea8f3e88e14b954b08692dc07ec6d25d5
.git/objects/5f/3c5ae33e91de78f81375b76f491a14dd8bf6a0	21979	8e9edd7eea2267da1b6051a0ff775abf6901907dd2d9aba113941d65216c2a29
.git/objects/60/bacf01b391502a3971b513a8bc4b9bba0f4fd4	385266	29f87bfedd284160fe5b61a34327f9931e7affd68451c40765c8de86d108bb3d
.git/objects/65/b60cadc90335cf7b1815b018566bdcb01c3ae9	606	aad16f27febdc165e8bcd87e8a29104dba0dd33d05fa71ebb9047b843921ec93
.git/objects/66/27033a0df5a9d527d65f74463eff5e647ea62b	7157	0e37f937cc63af73218326d9098bf77d9411710379e0ee4575081a6d79cdac02
.git/objects/66/8defb0ed8ceb87fa7613d413350f4afb401f3c	336934	949517a276055c2b42654f8468e80a7fd8bb7990a361069d0fb37397730009ea
.git/objects/67/2ec8876528267be6ac5e9770875709bcfe2243	6549	f065a24c3a0a13b6f8300e5cc427c14bdde132134337ba5d22c00af12abb59e3
.git/objects/67/8cbe9a9cdb4194c81289826cbb6967e64c5e90	1667	be449f01c40e903870006987c2ecbe87d505faca2bb82e46ce030ab1f12165ff
.git/objects/67/ef01121fad76a7b625f6774210815998f0b4f0	1279357	a952db9a06bbde9ee1082b37d2a8d9d98ab979bd85b8bc7ea4aefb549c7f0c68
.git/objects/68/311fa66b2a36224cda1d7ec3d4cbac24ba2927	226509	948e339a2388db1f2959c689924e6e99c98d71be7469cffea004da4d50d6d753
.git/objects/69/0522e41d7d82e380a1490b0b341976defdb6f8	2530	ad5f5eff004b6888453636ab747ae232c5af4ed4ad6fa35fd6e8a6029f99e31d
.git/objects/69/0ee3c793a86be0a34f5a7a514f696c4ccc6a8b	46129	4582ad1c00d5d87a9ec6cd1ff3977aa4e3df004754197c002a7076884c0bbe2d
.git/objects/6a/c06af363d307bb337a3097bb956fe0acad67df	466	82d2b79591507896d3693a65666c3b0e4a0bfb3c95572a585135afbcb809bb06
.git/objects/6a/cacde174713c13b8e9f92e4267fb355cdea567	195715	a09c160a319cd4bb6028fb98e3d9c4dbb36ff96558d412451c106b99d3a81ccc
.git/objects/6a/e51f3c268eff40aed342dba1c0eb2d90a24694	17876	14d2cbe5f5c68069b01cc3c6d317c658d52b5eab370e44cdf5c827c787b05140
.git/objects/6b/7a824cc2be2409b1ffd43bc19eb1b3e13fac5e	3564	70d5b570e2438f8cb3ffbbe43c33318960c57e70929bb04a1d786af0dc884c54
.git/objects/6b/97e385156d25453644e0cdca25c0037651d8d2	1173	39405f6715dee3be6880d7714523f29781d8a51541f8096fcd76b838df89de47
.git/objects/6c/9e53c272354e8b063521fc405abe8c87d25647	354	6a4850a9aba4b99d8dad6e8a927641b3fc79fcc4bf5b0efd292352947b591bf0
.git/objects/6d/4abeb5bd081339f2fdd0a7cfc64d960c115242	200	2495b10bdf4b6ad4380e7d655aa976c3827e5ba82cba9455409deefede104442
.git/objects/6e/8dd2d39951d0b1afe3a580f7202aa96226cbed	10217	6c2cb7b4cf27861cdb7ef252eb11412e279f6171caab3ceb67eaf4a9c86d1ff8
.git/objects/6e/cfdc4911cf60f96e81a6c7e59d9708d3a2904a	4563	8f166dfee56711e826b8752c3db5ea859604640fc7435db6760f3a16e4f95a0d
.git/objects/72/95f5dee9d52d9b27910dced0c3b8e9e7d9417d	722	f12224bbaf37ad44d0b74321d4286a5572d64bc25dcc46b144f9eb52bcb81e1b
.git/objects/72/b76a8784949a6c947638ebf6015a0f24866451	33953	f5eacd6394b2fbf5d83e0471bd4d03c04df226c09b3fc949d90a83ca4defe353
.git/objects/72/fa0a3ed648767f14e15e3e4a96c219f9e2adfa	442914	c7898a0613d16f450d7a7c404ae8d2dfbdc1ebec4015fa8b6ba7a92b4541facf
.git/objects/74/fb3996c4efdc5f9a5e538106bd125529421161	23901	b2e71796c5241ccca92176285772f1dccdcd0a3823d5bb268927249bb6c28374
.git/objects/77/2f4c4986860c0bbaf2454f9728d945e82d6f84	929	367c33b0c857f95267befabd0bc1008347b6db5e98cb5ec87a3f938c970588e0
.git/objects/78/62f0d5c8f58209114b06de64f54efd7254e37e	1809	3c3f561916b051f16993eee61cf0b13dd9d83702948313cf5dfe254ffadca1fa
.git/objects/7b/48d25da6acf0f8e4af6e2b681fc6755d873d42	27666	270d5bd75927b3ad2a65353cbbd8a9da78e11bb1c8dac88d48c81f7bce0d5bcc
.git/objects/7d/d31480ceab701e5663f4dbbb0dd8adadf42fc1	471	4b4bea426232d6d0b1a6bacdbd29fa3e58aa143ee1beaddcef7cb4e4a2fb9492
.git/objects/7d/dd5e904dd2b060ffd38fa4e2c629b1bafa5939	1956	373cd9a346cae0b99b738fbfd939e4be9db5b033e9f7ce0f61c2dcbb953c45c5
.git/objects/7e/2fba5e6c5dd84148d04252f6a94733beb26845	22	7d6ca7151a1a45fd7155aceeb6e86dc4e606a5ba8bc91f96e72debb9eee8a478
.git/objects/80/b60bdd7c668a07ca1773f3f84caf7d70deecf6	342	65a9c501b02809a6b4877ecfca5cd476042fe91b560d6d4617de366a8fd37119
.git/objects/81/cec302c846f33cabdf5c8a69598b7046800718	1118	fd0224939d7ca05dc53ea34edd4e28da0c9cd95216879033db16130eb9f131f9
.git/objects/82/a9918cf3e67b872673d56825e12e1bc79ca192	625	d4d5f3e774b5cb10d037e86b380926eac16978eb92ab256bf496f460d7d4d8dc
.git/objects/82/aeb56723465fe3d4170af836442f757f1cb547	706	112b5a7088884c82e7e53ea8b6dc621fc9c99aa214283561af999e78e5928db6
.git/objects/82/b111de8eb371d25b4712b16862b1c369e10b56	505	0b715ed08211e750c42861b47293f4944dc7784654cac46c8f2c803fc8875503
.git/objects/84/52850fc782669bef47fb1f68a281c42d95d1af	8971	f765c090153ae1188ea804b79f2fb38df00b5a7961c444e710afc9189e0923ca
.git/objects/87/3e8cd8ac88242da26bdbd9c4dd33ae0c84a20d	81	5a044b34d9949a219bbc48174da70071e8b5bdd47ca9292fe166f4c0a3cd25f1
.git/objects/87/d9134886fa890506a4bfe89f0a41efffd71af4	1162	3f8d2ccdeafd1146b068aefba99819d40e843546fd8d0825fcbdbd96ca8150b7
.git/objects/88/2270d3e4772a2729cfbe86a1bb4a1deaa2167f	74390	31dff4c28e921dc25eb30fd72b475190262fa59d62f234c808e7bb6da13c5cc8
.git/objects/88/c26e50232740333e33d4ac4a0240a1f678845d	27904	217cf9d2de2f821eb5ee089b24685c97901e6dd5667e7dbeb233932b1fa9e78f
.git/objects/88/efc84aa163eb3b19bb4c4c9a694b4a50a0af62	11238	c8209c856ca807e50ad416a7ff2cec8e461d202e6dac7823f5bbf394a25ebb52
.git/objects/8a/41cb8e8a5ea50d0ea1311e935cd375424921d4	827	cd9aa6b7c77dd3d4abec113e92c72b0bfd3257dccabdb41c3fd83a85f1d85ad1
.git/objects/8a/74d98e285f9b598a0ec438d37ebbd2cf83eebb	51681	7cfa30616b4d50fe280f7d88d0f6ec2c40ce7a983d5547631903b4e0a3d231eb
.git/objects/8b/3df007d04535753b496a5c20e8f00e20b6db07	224	51b1ab9f72a3bb65cdf60ef26fda40c4b9fe83cd3b5217be5308f0e16e5593ae
.git/objects/8b/a8c62be13345ff214bc8a9a99976730a05c6da	490	f2948ef61ec2b33c8608423e8f17d1c843b50952047d3a7f7c40e0737c2130de
.git/objects/8b/ac6d4ef03c591c1f859a2abc8fce482b7d8afd	1128	094bd01b48dc6a60961db980600cbd7bffeaf2ceb3c36e8614d358f17d670176
.git/objects/8c/2ecde6eb119aa8e3a03c695a96c31f213b8378	452742	ea4610f442b3ebf73a2ca88e550eea6d14bd66f60612e9cd9a61662e760158fd
.git/objects/8d/cdcaef42996f94bcd520f406eb46ea3830a6e8	3894	5b69af0479be4f26fd262b448fd25b6d6248e67e0d09d5badee826893dc9f717
.git/objects/91/18c1674e45b38447d4408e0bd9826a8f4a179b	94	12a84dcf6d1f8a6b7c2c3c3b10cc69f1e0935857bbfef36073b6edd502b68df9
.git/objects/92/7122bf49afb31ed81ef07e34e81714f406c2a2	111	3d4a026dbf8558efcd424fe4820d19ed048c967144737058c6ba1243db68cbb9
.git/objects/92/fc9ad164056cf7561b72ddbf16efa0b01801d8	245	12fa1fd5fad4a31d6de0919ca6974a9d725af4bfef1d34ea74af2294158089da
.git/objects/93/3f391e31df1c2439d300a56c32cc0e098a0404	1513047	5fe23caa4e898e0ffd44292cf9537a42cb5827447d6b25d3db7deee5d00108e4
.git/objects/93/fc00f08e585d2ca2947af4f8628e4fcb52150e	151	417ce17a63c1aff17756434d32dac9e0c42295c413a5dc426b16953078d1b3b5
.git/objects/94/3a84eb9f02927cad4701c078db07763a75fdfe	303	84492ce6d0912f731980f4f3ec0b1281acb42e04e08c77065530a975684f66c9
.git/objects/95/5abb8c6aa0c71af1fbd8c4724805fbad1f4cd8	1431	a19ab5c227aa1be0e288ed6117ecac01417c6678b4c4015bacb425d056b3c643
.git/objects/96/f2a00653ef5fb8cf83332bc14bad7120b24e87	1030	5e3f0f48485f4a8a35fcb2459f35c91b3638c0e5fc49fc8990b3068f763d5f01
.git/objects/97/48eaf7e6c2336e5d388a85ac30d53bcd6b47fb	827	2a3fb385020ad30b398376dc66417ee14935dd4ed9615cb5a9f591df4e7aeacb
.git/objects/97/9fac130569a7aff40e566e0851cf9184478cda	1704	3e3dc0124c470fe1f69473ccf90b736d28a2776008d99324d2901c8ea4a740b9
.git/objects/97/bb29836c18a0f628b4e4093571a9cec79b082a	1460	0a5896c97e641aeb6c87c2a1ccdf83b7456d9f60555c132d90a33b82438ebcb6
.git/objects/97/cb7aa86a89339a0ceef92c61088d0e109da4d0	526	11fa396424c0e1cc6668e2dcb16cef6342b06532a37405166c317f8a3e46bdd6
.git/objects/98/866d7f8d629049aede2cee3a9499a2d668734c	139	f2561be876660a059e8a0635b9be77ab4c54d812db0e877549068c3c3814ca00
.git/objects/9a/5e88517bae187696285a7899e2133f81bfbef3	809859	95c35c0ec4617be3aa2c625328ab04ce6f573b29d00dd8797759ffa697d373ed
.git/objects/9a/7a1745fde66d52b2a521209f488362e27e1bd4	30084	03205b6bd169bd1abbfd8229a327601af7add316d03b1cd6ec5ad60fa628e38e
.git/objects/9a/8619ec4658cfc9da5dc4559d442eae19e4acfa	330	7e46c10a31c5009e52e22878e98aaadb949bed46399df975a94c55b67541006b
.git/objects/9a/90a33dd7b71fb1caadc332c132145c3bef0ce5	3758	7f3371d6de67e47d5c8326dfb79d6afc3c102954076664f562dcf83e6703a269
.git/objects/9e/b77ff01b5bdfa71789b2c4b594bc321da61e33	1622	35b5a6d59a099b38d80f279cc509a9769912417fd92b3a2eafdc329e32fefbb6
.git/objects/9f/0ab66bc4e67dfe79d80360b915b215de48a615	295780	f3f472ec68570c52883e373215227140e5516c46d0f3cda59200fa604546d532
.git/objects/a0/c875222117a46d455b287d4e824f0c99512b2c	164867	82f86043d67417e3c4f6b4df06127cd12709383e86df637ac894c2babb71486f
.git/objects/a3/5064d286882acdfa3f522368ac335401b512de	10923	0714b980a5a18a952186a16eea48c94cf8b4c1b76ad1fa0dd65f81fb684d386b
.git/objects/a3/c0b982ca3814cb773caaf2a07a85c00a332f4f	23353	1c14da6d7cc6ea23ecdec0daf96e3e735fce2d3a5e61331c7b731be0521e8e14
.git/objects/a4/dfcd4722918d6809c31a6c6d4900a492ca47e0	124	8826da2c936631598465a137081fe1793531ca9f73a485e6418a3dcbc203ee9f
.git/objects/a7/afc1ed9a87a6926816d05523ee2a97022b2549	429	3accd14b0a120072d43a889c50d8f4de8ba38502b51525521626fa2c0fe96235
.git/objects/a7/e2c93a764ec6816d6a469e8488437188c8ec76	635	1ca28fe9e9ff9686ef81f529ddc98cf13d96bf343af119ddabc44e012da87bd2
.git/objects/a8/10e9bd985f7eb0c6dd42ddb008862604ce260a	145	e3b86e4cf95740a31ec1680ee64f097b8611bd9f6427de0dd8bdf5ab648c74bb
.git/objects/a8/b7d1f24495b4abd9da34d769c458edf3c1cd58	423	e1b5636a21127480d092d0c7d8a74425d68ed3498b4a7c9891bd852bb5ea745b
.git/objects/aa/310290881062dc676e8f3506fa6fbd03e782f6	5913	d005776719ccedcc1f27dc0e44beb4bf3d03e5c2e95f8909507d1cd9d1b609c7
.git/objects/aa/fac96560ccb260d73e825f90dfd93dd0be9059	4389	8ff178a93c7f738bfee5020f0973824355e53332dfb532cd9024c1a28506bdbf
.git/objects/ab/712e184e2f3386a3d89fcfb9769845f5b29f79	685	29ab140f41c1f580cd723893857261b79be3faed725a8bed9f5d5827739155b7
.git/objects/ac/ebe6809bd9b1208714f239570daeece8fa4c02	18117	2aa4da51aac9931bf1622f5511ff11ba33f312d55a5f7d301c345ac651b4b889
.git/objects/ad/8f23ae2f2c245bc2408ddb39ccb908b91ad489	602	d5cd300253e6717fa237e4479fbf833a07b818f885b833c0070d0e820ca6d503
.git/objects/ad/94b9b10ee376469341554de95c616a75776353	694	21e85844112902646a0708da5d501f692390b28f7768df873089c39753e13dd2
.git/objects/b0/0e723bdb00047ee09de4638308f217d28acec3	257168	0c0aac751d3d0a40c3387ecf53e07db6907f12780a02a06e5af0da962382807e
.git/objects/b0/982bd9f29ca8faa72ac8b14e2b876085d120a6	429	b967dd4c98faae1ac92d2d3e6fc6a6cd3a8932286affc56e8e69d21dbdc0b1f0
.git/objects/b1/08c56905ec7740a6dba10b651d968b248e9daa	867	5eb127e4ff0fc77f2e7be1d0ea834d9b419387d15bcd2c49e2f6289ec77fe185
.git/objects/b1/68a4a375b0d64cac5d3cf052b1fe8a283628f1	49494	2e9e917e0feb4d15e4e2a8a771f4301ab3d18ca523ada05f7d3bd5c899700836
.git/objects/b1/e448f75b61634e576fee8545c0550b072082c4	6699	852bdce92cd1dd933c2b7120d0f3cacb94ce86414e52304446751abe89af6fb6
.git/objects/b2/2d802e1443acce2fdd5bcc8bacaa8d27508831	29900	42a4e5f3e9311240ee1e0c0b627a06f25ecc467b5a5369f6d89b131134a0e9d7
.git/objects/b3/d78d4afba10a996e571a4b3812ebc1bc743063	3311	9190c70a7884b3afcc84d5c5bb5f7f197cafe54c6eb01523b795c516636f5064
.git/objects/b4/16e28c0b506df1b1864caa2072c1cf1bb863fc	28912	324fe3ebada57f0cb71457b56465aa907c9f0627ef5439b172b59008773531e2
.git/objects/b6/deaed1ecaab5b67ac7cc47025c4d2f835464d8	2495	f1a9fe3634afc686ba0ed19b122b1041239bcf4823f42732645092ee351aef8d
.git/objects/b6/fd78841c06af0daa5dd32317c3dbdacc550d6f	422934	d90b84a36c318f59234f2576cda5e700738eae18e0e6c0d31a3b7bdfc31c9e2e
.git/objects/b7/affdb6fd72fb1a378496fd64d6b59ff485665d	549	85607fe7f4890b7c09b9241c0091d8245c49d434434fbb395e4743c4af2403ef
.git/objects/b8/66d5df3dd9cf4dffdcce305d6057a37d30d38e	315595	96715925a5a7b845d2053f62d4031dcd68c6df45653021746e02905a5b9973b7
.git/objects/b9/4d82f280caa5b05352752f9fa1e0daa9dd5b6b	25788	f8018e629e3acaf8400fb94884ca6644820085fb5acb267361b1464907bdc198
.git/objects/ba/aeb7ead240c391d1c9e4c088725f3ae12bc36c	193632	5dc898b9d00a87f6f566822ab84119001d8f0c676dbb31539e4e608aeb5bed64
.git/objects/bc/4f8a13787469cff98be2438201be57b8c7f81a	1544	64179096b42300f45737c92322fc62ee99e661f3246e1e3686d86a4b192ee25f
.git/objects/bd/1980d449042d87546069b0547b87196d93b902	596585	2d05ea4ae49fc03155c166cb6b6673cce0a22a0d898a86021b29f27fe90931e5
.git/objects/bd/3f87ed21a4ce9ca7ef53d8eb86d09e44b24cfd	192	012cab1c10f32a5e71d16271fb52f8814731243e44fba7e312ff790eef413198
.git/objects/bd/bbbe5edc84b5b73c79aa045b515183ab4ccced	1480	343c20e578533c0aa2c788e0315a8a78def4e7c8301b53d8aeb3379b47c4f479
.git/objects/c0/64e80825f58051fb4d460b7dd86c26362def4c	483	e28e3b3c0a16d7ec8d02fae7aac8f19d0c9a4b6fc6c5326ce0f2020096c82628
.git/objects/c1/0bd1298129d662a2b7edb091b61d19c4e7760a	3677354	4b809b053453f42e74ecddd484a5593f486569b474ec8ccc6802e49c683b4e1e
.git/objects/c1/2703664209a423d14f98deae02370079ac0021	4061	66eb9654d172a490499491146714a9e78d97a02a0c0e23930aa844badfb45d69
.git/objects/c3/9ab39c07ab2973d53bb97730f2ea036d180fa0	582	d9c3ebd8d072df4e73bfad564afb5112728ec5588c14299609ddd81dfdbd9712
.git/objects/c4/008ae0a89d3621c17fe261ab5324615dfd5d63	1169	c7dada164a5f984488dd5628fce821173294b656c98c3b6c12b180da150744fa
.git/objects/c4/2161a5bcbd5e3d397b611137a2e0f193c12617	1708	4980d4a65d56fc2ab45a5d0c9649a7c1b4e74771799fb1a99d209d10df206334
.git/objects/c4/a29d259bdc0864f6b8b1a971849a275a27c991	326	9fcf4cf686d9b0b9b15a8970ab6f023271fa1980d42503fbff85be50bce43172
.git/objects/c4/d90487917d025bae932b0d2a191fd6ae5cefb3	36770	151d51cfa3efaa1cabb196bea58ab09220cab17fc74568839dd51d8f62cd2a1c
.git/objects/c5/07f34c24bfec7af1fcbed46451513efed375da	1251	35f895d3a3feac7ba1f6b25075101a26a0e5f5492f7c27db3e69d9fb54bcf04b
.git/objects/c7/f8637acd81b079b8a922449f53d9b332a2776a	4696	ef844659d271aa75bf2568bae106d40347d913039c657f2173cbe9f7409429ad
.git/objects/cb/687cd68508bad969f72db02dfe1c78042d0e0e	50091	acaab56fdac63653a5995df07b7a0675cbc52b19d3b4b984b99175a58d19d755
.git/objects/cb/8141e0765f6ccf204d3777fc4a644afdd691fe	3667	41f1093c74a34c392bdb28e7ddd7be1e8b22448744592b94dae72d3ee30dbc44
.git/objects/cb/cc67a8986a048c4ddbaab3ac26356f4d69a006	331	b64f17e7f26a8be4869ec6f7604d87f5342fb1c1d31987749278db83ecec2f32
.git/objects/cc/9f804a71e00346c5c8bc6003e9d03b2f822f63	9671	4df15917dd3048d61c6b195937b06c83f0a1f54751c0e2411fe8357a685973b7
.git/objects/cd/b515a17ee5a82ab665fdfa0947e9ed95f98e1e	83	8f59cdef0ea5696d22f2199cf09a68718c5db221fae6b80c8a899c018180e7c7
.git/objects/ce/c6c689b52a59c12a6cdac41266096185990ced	473	f44eb2ef433d81b38a1dd36c362af7f2d2527f01ef1541adcdbc425f1862cc95
.git/objects/d1/05dc47483841f8580e528c70eaf2249ed26997	973	3977a4cf9b4a32559f0b123dfab7230cbe6aff8391849dc14cc79af8b76ab5d3
.git/objects/d1/33435358a86b6dc907cf3f227b103efac615cf	658	a3035f1d508117731fab38712413ec412e6b64f22be8a1c4499f7195b6dc05d3
.git/objects/d2/4e0934c8f70fce12b3e35937af7be544d8a331	83	060aa6d907f342a13b833fd636c5bf416a7c4bc0f996dbf6b1afd63d68e8f3ba
.git/objects/d2/d85e1116da6e79ac8c53a8d5596fcc4e101313	2981	46eeec298c05dd0e00bb4b6b7f412d922140886eec59ac4958d8fbccb97bf956
.git/objects/d3/8c9a2796a30d649732f38ba270886273018900	160	87c71dc2b9e4f284509a8ac7c876b2887f94ed3651e8604d562bdb1530f36b33
.git/objects/d7/bccfa964bde54f697e18e2bb3025b33e4d3181	1010	1cac8df88c3aa322cc6b3335b6810809b7a76f8021b89bdf1c4663f16da142e1
.git/objects/d7/fcd8e896079b11cc90a7872b1d2936a18d8111	110878	05a207d81709c9c4817e50f191df7c21efbccd9f1ac8c6a9b9125b550cf41950
.git/objects/d8/a7802dbba045046c80770e78dd308b7ae659b1	538	2075e3a54aa0b672cd48196078e505660585c9d27eff3660fe313d57844d4dea
.git/objects/db/1cd450f41a7f5ecaeff89f7f35c2b24e628441	543	2e1775ff2d38db09b8512b1fe95f01ec80609bd603313e305e7b915b3bb63af8
.git/objects/db/4022f3a709b96329f60889dcccc2c8e1f6e7ad	14817	656d113ae16619f09ae4d76a401db67bdcad195486e63b6c33315a8f0f9db6a4
.git/objects/dd/c9f9786f7f815c395f889d78953543c99841ff	857	ed9383b3763a6688c8dd3347cf5a6c7a6358c4786f1b97a9c11055e41f4f6e63
.git/objects/dd/f79a5034f49756fdd81ac3e9dcbfbd5f41dd99	959	75ef68183c0e040fa5c2d28be7f319bb53a3613fbe5dc0c9d3ae686e06200fab
.git/objects/df/31e5bcb0ab1892b38d389d92b581c3803e6396	452	b07f6c82461dfbcf36ba86011c08f5192fbf5644d5602ef68ff39d9116a2be13
.git/objects/e0/06968bb6f1e768db61c9b1595094a7cbf7b462	830	26a4b142d67a493ef14182b895a1c8f1e91475f606b5555827034c9cbfe97753
.git/objects/e0/275812d08a88c19b024efc6ea6883858078a91	2089	28c926a26b5124090cf0849946cc9d13385ea511deec0612a3f4427a6adb8295
.git/objects/e1/e9fa4b9bfe2d96a3769d38d8b5730960703c49	2470279	7e9dd7c6e941efe6165616e28140e551de3d8f4b654bcd450d1b2eab968120c6
.git/objects/e2/50c904d79fae69a90f5635802eed8d81fe3c79	28092	0ae5925efcf1520411d7b79594dbb1e0e6d0194b586df89bd51674fd3a509abc
.git/objects/e3/199cb9e409b3c2cca213bbb43ec8ab91ba25ed	172	2034466c6444bbe14975b75cbd546e08ac9474de96c4de71389e22d4364f5fbc
.git/objects/e3/f9139b000d0cde96c6d95cf4de81b0a30cf510	127	eaa0dfaf3543ca78361a48cda9f7735910bb81c88f5a7386b0dea9db5e579948
.git/objects/e4/48a126642769395a65aacb8b3a18a7564a2ef3	333	c4e8f92c70292b5217f75b8c0b9739b4a32c0e18f57e6fb37141a277069d5519
.git/objects/e4/6a6ee65908ca2557336bddcce82de11b35db71	425	2beefb355e7eb315adf780bd85717115dfcc272417780d89afa4c0cb7a70a0d2
.git/objects/e5/9278d572896eed58fd4e173d4ac0a9c7194c07	622	84f7bafe5ba0cbb936ac8ca479ec690d5eb809fa2d1cafb884276669043d269e
.git/objects/e6/76beb06c50c325fda2c47427ac3c66aab7ddf9	3052	6bc3667d8b2a4c66fd0c991cfc0cbc028940af1c8b6ce49f475808a64b3c2785
.git/objects/e6/d08c044388734e72d180db971dc5e3a062c410	22151	70d7bad985da97747f857e658e69ace1e1525935b0501c67b266f41950e4d2b1
.git/objects/e7/482b1e24096b8856c9eb454bee79cfb3fc6962	3142	d672f6a94aaee6f9dfdaac20e0926940f3d35c187bfb48100266d38c09003b1a
.git/objects/e7/9f9d37be8810cbbbc3c4b615c0bbff00b58809	23280	92cae69d26dbd2c6e1811330660b8340b5474904e00bc7b625caaf0d10dc94b8
.git/objects/ea/1e94f90cb579979debdc3fc16253050d87e4ac	15653	2e5463ac0056c22eea2401269e53b24eeb72faf337a7dd116f1f80f94014ca4b
.git/objects/ea/be44eb616b4a2ae1bf586e3d4f631194049ab0	35052	e0e29d247df48c4e1cadae40bdf58746a34a72f6a652f7b6102c831a494d9645
.git/objects/eb/be50df96c2375613ba885e1d519c9906b86a27	322222	89091ff387ea41095c7f91a539b921cc9a948c954e9eac2fcead55e70d001388
.git/objects/ec/16eafbf09a3b51b5eb6d428fb29caeec88b7d9	19187	237fc571d252e0071700fbab1a924b5fd144046e4a688cb119cd262014c4ef2e
.git/objects/ed/29ccf36a1f1a9a5ede5d66cb93769c495e8d19	292508	3b007ba18eb2c6126441262d72834a62c9dceea812bf2c0d01765e88e4846c56
.git/objects/ed/68d85e1d00beb4ccac964550af49c43558fbb3	9995	eea8a70a3d8646e77a56d1690983c6994823fa4c8f411442e2d0dcb8922a4d47
.git/objects/f1/982af2e42476038c1f4f71dc9a1255b852602d	4804	9135cad8f11c06d4eeb098c4f0de0132f5a22a505733d160e0204d367ffa9962
.git/objects/f1/a5392743b91644e4d098bc119d0dc0dc24d1f1	1505	0cf2c2b990b91e74eef512902bdc9c446b936e913cd88bff013f38acb2c2d8de
.git/objects/f2/43521b9179d3f26ae778b25c605fe2f75514ff	774	93f54aa47b6387c1b4c97020e777d038977d2e6125e677985d3443ac81dd3201
.git/objects/f3/eb8f4ae3e8dbced61ea8dbc746d0a9ac362b90	417	2e4c0abd8bda992001b8d1d63ab12ae42bf18bd8f0ebd5b7a55bc7dd33259f58
.git/objects/f3/ee74bedc9259fd099cf55d0948ee5c814ed764	1548	55ce8a52748f9d7be25eab3beed83af05296e64179c95374e7af3b98407029b7
.git/objects/f4/03e22912b3104794461abba111f9065bccebee	1363	25fbb67d42b248f179d86a61454baba17b4092fbc7f5822510d1131159c88e59
.git/objects/f5/229b109b604337f9b841df9cdea30d4017e797	47819	8a1d6f13665ec6bf18633c723a32798d3fc103712f1c538e2b31e492bbb1b14c
.git/objects/f5/7d1000c1753f5d4885f4ca47a463f29dc64746	9947	b1dcfdb42aa87e21a9a5abb857599a491b6ec54211a0b8ef861c5b9feb886168
.git/objects/f6/c1cc659e62dba30301fd7a56795014a569a300	390688	43c03a56b96ec7cab1f5f64ec449155352f6f6198cd056d7179cfc60f1fdfc4d
.git/objects/f7/ea9cafdb489a914756136c7ccbf33fed89a63d	710	1a99821740e9e2795121fecc70ae21d8e297bf1e3b1cc6d31de8de72d2fce6d7
.git/objects/f8/6f7407c407cf16fa6e459631cb33d9d7ee0568	188	e8cd703c336efc707fa7be62861ef4f163382f3356890f6b1d6734ef238e4b69
.git/objects/f8/70aa6c495d601602d07c61b95e69b67392e6a5	1127	ff6ab3d08e278ef640456132d54624c813fa4f409952899a166f56bd38db2c11
.git/objects/f9/37662268ff1a33ddbb56550aa7b625572fe34f	1124	2f73a759766aba0995c3a64b327fa57d659a9cdaeb55bb774f42d9f6fac70790
.git/objects/f9/fccbd39a6e96ffa7b89a6e70a9e4ed5423ad46	1307	0225867454a271084a60be4a694e40bab59b026eb279559f1dbbf1457287b084
.git/objects/fa/00728951979608ac8484de512d260d8cd147cd	3744	a51becfcf94c737e1018b22bef7ef2d31e9686eccb31da3b2e3b7a81e043f36b
.git/objects/fb/5758668494402dd7a607e68b592f9c8128df5d	53649	700dc586a1cfede4191c56941179d78d234d33dc67d4269a35e43feed5e1ecd6
.git/objects/fb/c774343093fae2869ea2a82a01b0c08dba8f12	1285	e69b60f14a856d62908269ff23cefa56bd4aa754c2254c6ff8e06b905cfc3292
.git/objects/fd/e7682cb5a02a305812a2c7863ede5f6ad43ed2	461	ca6583d18195635bde8759710a469898ce562c695829218a5efdf9a9255d287d
.git/objects/fe/c1f4b4e8b885776ad24394a2d12d6b75d80bc4	2045	6266e4e5fe0e666e4e8f6c0dfbe365cdd3cbc5c0640661b2e45c8d7ee9e7abc0
.git/objects/fe/d8cde09313d07fd29d775d01d52b2b0620f3c7	107	705e14aeb2c00bf27170dffbf5cabe124018d88d1e4009e857413d5a6a0ffb1a
.git/objects/ff/0febd76bee7b60bb202b6b69d3f6dff710028c	292	ce5447374476158f659329d7342f7f332d0fbfd314e6a64c2c3c3a096a27c2c9
.git/objects/ff/57d3af8d4a3127feda8cdc9e7c571e059e4e60	826	77bb1b25a4720cf9d8d597fbc607d4ee165ca73ce6a23991eff5b51a1161285e
.git/objects/ff/6ba4b95b4f0513729f6bbd101473361f88296d	128846	5c0b32011680c65f8dc8debebb0ac2166f32a8d78ee00dc36b171a4e4c037475
.git/refs/heads/main	41	133147deceef665ddabbf60bb1d51513fbeebe6d871eb452b41a2be456afae93
.git/refs/remotes/origin/main	41	133147deceef665ddabbf60bb1d51513fbeebe6d871eb452b41a2be456afae93
.gitignore	201	7864870786c880b71d666eca9af3a5a69cc9fb7b0e2d6f7f50540a323b11544a
CITATION.cff	1033	c983e94f51b9d54d173858c2d82d242888c438326b68c4c7f86b6010b9a7fddb
LICENSE	1211	74f865d66f6ed461f32768b1907c149db5cbf94a6f2576d7225644dbc94d901a
README.md	2977	8ffa63cee7953203630e3d82553c86b6bd1c7161331ef7b61a51a1fa288057bf
journal_outputs/machine_readable_tables.xlsx	167480	bb46cf43c8661656803b66332c6338b910cb246782b697a34855b7da7eec9576
journal_outputs/main_figures/Figure_1.pdf	57391	c1e74d400aa48c38c39fd98ed9f1d2dd423076f073acd2a0a719bfc668d7946e
journal_outputs/main_figures/Figure_2.pdf	40671	04c9b1d026a4f2d37127f06e1eb40950adafc4db62f5cd0d1762cc24dae24b76
journal_outputs/main_figures/Figure_3.pdf	30003	36e28867bd0ea5ff9e005b23e702d35b78758f31907b434cd3178eb852ca30a3
journal_outputs/main_figures/Figure_4.pdf	38727	b4de5313159caa55c067826c7502017311e2a529167cdfcdb0495b62660c8f95
journal_outputs/main_figures/Figure_5.pdf	30990	81440cf1dd89fca6eb57e35ffcbeff9c944814081fbd53a1d9f67ed0ad16398a
journal_outputs/main_figures/Figure_6.pdf	51881	77335498c64acd29b2e6b03458645e6dfbb806fbda45b39104abb474617ffa36
release_metadata/ATTRIBUTION.md	1145	04b02b860cfed04c84d273ffa073de73e6b1284cd5bc5969f7be6101295c7666
release_metadata/CODE_LICENSE_DECISION_REQUIRED.md	1037	51177045b8004da4d44167afa7635e86a15e1ebb6aca6db4fbdb4d94dcfec1ff
release_metadata/DATA_OUTPUT_NOTICE.md	1031	05d080c0a5d2857a8b9f727ad35c081a65c196c17a46a2fb576d9039d91caaf8
release_metadata/DATA_RIGHTS_MATRIX.md	3130	e8006de0e140455bd9db524e33226a2e742be60da3da42c1d6880159fc913f50
release_metadata/DEPENDENCY_LICENSE_INVENTORY.tsv	1918	081d714c58d8889a87dec353914a5129911b074887fa5ccad6e218cb204d3fa4
release_metadata/FILE_LEVEL_RIGHTS.tsv	1935	e821ef1d8db502ac62422d5749c4c1324e1047bb3be59c8433d7979e0a0b724c
release_metadata/LICENSE	1211	74f865d66f6ed461f32768b1907c149db5cbf94a6f2576d7225644dbc94d901a
release_metadata/REPRODUCIBILITY.md	2061	9cc2edbf32f6c5a65f053efba77006986f88750f079ae019eed786b06425c184
release_metadata/SOURCE_REVIEW_STATUS.md	591	58307493d3e6af9f548a828dac17ac2bb65b26aa544e2bf85fe6d4b83e57b22e
release_metadata/ZENODO_DEPOSIT_METADATA.json	1723	9254a68cc6f2aedd5cc782abc77a2767c8967be931b83903e46e2a998e252b72
release_metadata/independent_gtopdb/V1_13_BLIND_MEMBERSHIP_AUDIT.json	1327	6eb8b4b1412fa86e0a8244faf8d35e626c442ac1c4c9ca02d9f7d27eb3ec17be
release_metadata/independent_gtopdb/V1_13_FREEZE_RECEIPT.json	794	f6aa1910e2de339926b147d93f302b46666fcddf4508cfd3577f9be99c316f84
release_metadata/independent_gtopdb/V1_13_LOCKED_PROTOCOL.json	6597	cdbefe77b920446dab2ae67049ca225524edd92af74e4f1815fba602b511bee4
release_metadata/independent_gtopdb/V1_13_METADATA_ONLY_PREFLIGHT.json	2368	8b73d33651626034869cac6277d48a96eb14cda459622ba71e44123fb9acd3c4
release_metadata/independent_gtopdb/V1_13_PROTOCOL.md	2418	39dd4426c1084dd5d44d5c75ed5a0bf9292db2517450de5f023bee287c954012
release_metadata/independent_gtopdb/V1_13_SOURCE_ACQUISITION_RECEIPT.json	1415	176fced552c10959efbf1518f978a095f1c3431e82dc63e64167b3adb5af7b62
release_metadata/independent_gtopdb/V1_13_SOURCE_REGISTRATION.json	1568	dc6d1de9e27a84df69a1232783e2c19634ffcd809d79c95501067fcb8951aefd
release_metadata/independent_gtopdb/V1_13_STANDALONE_DECISION.json	1489	cf0f9278d2e57c64b314c39197b93fa5f62b1cf73e592e610f840042025edca3
release_metadata/independent_gtopdb/V1_13_STANDALONE_DECISION.md	1020	6311ef4a6e597d047db6c8bbcab05f41de510a841fb47da1bdcd045c0fed7358
release_metadata/verify_manifest.py	1247	11504337ea662a9c8170eebe6fe13c76540fb8d9bd4c35b147e3e6fe28a0d016
retrospective_v1_7/derived/V1_7_ANALYSIS_STATUS.json	813	bb98a2b7a9f40ae51227507158963c02693f98da7604c36e04e7ca1843523f2d
retrospective_v1_7/derived/V1_7_CONDITIONAL_COVERAGE_ATLAS.tsv	5357	363193030a93200a55a4499c7552a66802e05e11109549deb813e3a7030353ab
retrospective_v1_7/derived/V1_7_CROSS_SOURCE_OVERLAP.tsv	542	1adcfdf0d7cf0458e9339a1f023774923dbdd6b61b9742dabb159b41920c0537
retrospective_v1_7/derived/V1_7_DOMINANT_CLUSTER_INFLUENCE.tsv	37833	f3f2aed3cecb2726a669ea09b899e70a873d6075a1fdb77a61aa90a09e2efb5a
retrospective_v1_7/derived/V1_7_ENTITY_PRIOR_BASELINES.tsv	2179	18f57331385b16f31307d292f4c2d8d95d98d531bc62af7cde081a98f5821346
retrospective_v1_7/derived/V1_7_LOCAL_RECALIBRATION_BUDGET_REPLICATES.tsv	71185	b4492b7d482e1fc0f7cf771a6b56285107213be762c96e01633389f49242e062
retrospective_v1_7/derived/V1_7_LOCAL_RECALIBRATION_BUDGET_SUMMARY.tsv	2467	330ffda106a500476a556a76ee306ded80ce46adce3ca236d4f76c30c576d832
retrospective_v1_7/derived/V1_7_OVERALL_DOCUMENT_BOOTSTRAP_RANK.tsv	2752	332ec4014a6b68a70f6107402ae35795aead252c8c72ed5b388b14daa52e7757
retrospective_v1_7/derived/V1_7_PERMUTATION_NULL_HETEROGENEITY.tsv	5693	2f39433ee9c8cf9f87d6d2e56ce58e05ab27985285c65ff22c8cf61d5ad8ac45
retrospective_v1_7/derived/V1_7_RANK_SIGNAL_DECOMPOSITION.tsv	27721	1e38bce8d84ec5f1236c53dcde5dced630a2616e281bff9f9e89b19e96d48022
retrospective_v1_7/derived/V1_7_SOURCE_DATA_PROFILE.tsv	909	055e50b37fa45c1d888a737695ed62e44efa49d198feb7b6a5d89e3ce41471e2
retrospective_v1_7/derived/V1_7_SOURCE_POSTSTRATIFICATION_SENSITIVITY.tsv	5563	c30e5915a49355dae39285861e9335db1e40b211538a741065c0717548f05115
retrospective_v1_7/derived/V1_7_UTILITY_CALIBRATION_INFERENCE.tsv	20162	3d2aa17b629c7d07c398d7c49750d1a402a3250e99e0e67b747ec5d659f8ae89
retrospective_v1_7/environment/PYTHON_REQUIREMENTS.txt	7	5ebc7ddfa10ff584cd21e117fb08802d88430a5e4732a13c47b6b1b18a43c3b6
retrospective_v1_7/environment/R_REQUIREMENTS.txt	74	649157b1be5b6d4892a549336dfdbccc1264c7f5714003b21745415e6957c253
retrospective_v1_7/figure_source_data/Figure_1A_workflow.tsv	478	8648dab77073dbf564ee2bac4acf76c47b4c48b989242a898d633d6679b894a1
retrospective_v1_7/figure_source_data/Figure_1B_source_support.tsv	505	acf41747af8468b87f021932fb6d8a3342ff7d37276de373a17c17e21c10ac27
retrospective_v1_7/figure_source_data/Figure_1C_affinity_density.tsv	46365	0d23d519eaf66625ecb19ef217b37f220e52e4d44d847bf4e80f4997be2adf19
retrospective_v1_7/figure_source_data/Figure_1D_repeated_units.tsv	240	3401e0429df1a034e245e5759934d5f3f5ff5c625edf19515bfbfc82b7c20432
retrospective_v1_7/figure_source_data/Figure_2A_overall_rank_bootstrap.tsv	2905	93ca5343022540d8126354433f1b7261d7f1d8c1c368284b1e686e92bc843e07
retrospective_v1_7/figure_source_data/Figure_2B_rank_heatmap.tsv	28735	531c4e192a6d3b773f17ab9f84f69323de43969f1c17a9c28f6046af8f1daf39
retrospective_v1_7/figure_source_data/Figure_2C_point_accuracy_forest.tsv	16191	fe02c2237cc7cf1a5610f1a4c504e159a8e6747f6f45ed83727d16505dfd2140
retrospective_v1_7/figure_source_data/Figure_3A_rank_attenuation.tsv	1913	bc4f0202980f0ef5111e72eab3c0c2b200e3ac6744aec78e0ef527ca60395d69
retrospective_v1_7/figure_source_data/Figure_3B_between_context_covariance.tsv	1554	3de494e4dcee587e3305cb5e84c6b654dd2bd266cb4c8ec113df0a996f369b85
retrospective_v1_7/figure_source_data/Figure_3C_not_estimable.tsv	169	f84994b8a4c58fe602591acab30c46995a5bd102e051f46cb550cc2587bb9cfd
retrospective_v1_7/figure_source_data/Figure_3C_within_protein_rank.tsv	6364	aae79a1dc4b55acd2df026ac1a1e8e889c53c4739c2bff47faeb225591919ae5
retrospective_v1_7/figure_source_data/Figure_3D_double_cold_rank.tsv	1950	dd7563c760042cbbaaf665fa0e24b7201fa3f7205174f7617bc03b22d3ebe1dc
retrospective_v1_7/figure_source_data/Figure_4A_dominant_component.tsv	2402	430033536c474d15b38c32e9fd489d68a53c3173793e8c45c84a5ce3e96a1822
retrospective_v1_7/figure_source_data/Figure_4B_poststratification.tsv	6207	9142ba0f57694fb01716b8010ab767de282893de8ec8ddd7c9634ceb0c2db3ef
retrospective_v1_7/figure_source_data/Figure_4C_entity_priors.tsv	1080	65df1784fd96471c32bf51ae9f33a8d2fffef3f9916f3057d76effe742931f75
retrospective_v1_7/figure_source_data/Figure_4D_affinity_regime_error.tsv	3486	74d8f559284812bd0c2aca3db85f5d16104fbedbfaee20a358e7cba78385dedb
retrospective_v1_7/figure_source_data/Figure_5A_overall_coverage.tsv	1915	5fa2d13d250a78d6b9db2dd6e3c0e9e443d42f16c4fba8899631fbf94be0cef0
retrospective_v1_7/figure_source_data/Figure_5B_affinity_coverage.tsv	1140	30b296999d6c9da5aa45965def5a5f5df3be0f414f2ab4ce862735b6c6151736
retrospective_v1_7/figure_source_data/Figure_5CD_recalibration_budget.tsv	2467	330ffda106a500476a556a76ee306ded80ce46adce3ca236d4f76c30c576d832
retrospective_v1_7/figure_source_data/Figure_6AB_permutation_heterogeneity.tsv	4244	93c15fc58872671b6792ff2ab7d5dc6d347bd07b0bc45f08418c70899d4b77e9
retrospective_v1_7/figure_source_data/Figure_6C_specificity_controls.tsv	611	e48e15b4b4745c44510e50ec76e669418b5724833d316b75441bc4fdf719f726
retrospective_v1_7/figure_source_data/Figure_6D_claim_map.tsv	520	d94d4782e81217af901c28bea93f6d72c15a589b46fb785caafe68fcfebac229
retrospective_v1_7/figure_source_data/Supplementary_Figure_2_rank_intervals.tsv	28118	9078103a23c8f712bafe8137af8bcc9b91da336a28fdf8415458eb95abbb3b2a
retrospective_v1_7/figures/main/Figure_1_v1_7_hierarchical_evidence_base.pdf	57391	c1e74d400aa48c38c39fd98ed9f1d2dd423076f073acd2a0a719bfc668d7946e
retrospective_v1_7/figures/main/Figure_1_v1_7_hierarchical_evidence_base.png	414460	a145b3103d7575cccc1d50d059f1bdb28bd30a3fd28dbb2e91dc0a86d9c568e2
retrospective_v1_7/figures/main/Figure_1_v1_7_hierarchical_evidence_base.svg	174505	52b133b5107bb7f687e12c83be4371d3d324dc6e65e4f37d568daa1717d7f42b
retrospective_v1_7/figures/main/Figure_2_v1_7_rank_and_point_inference.pdf	40671	04c9b1d026a4f2d37127f06e1eb40950adafc4db62f5cd0d1762cc24dae24b76
retrospective_v1_7/figures/main/Figure_2_v1_7_rank_and_point_inference.png	491243	17c713b9eab1e7488991859275d5512b3943664a1800296302d7ade16eb5b1ef
retrospective_v1_7/figures/main/Figure_2_v1_7_rank_and_point_inference.svg	69844	92ab09623999472c6796eb0de015c10e7bde64751d71acc2ced4f90dbeeb1add
retrospective_v1_7/figures/main/Figure_3_v1_7_rank_signal_decomposition.pdf	30003	36e28867bd0ea5ff9e005b23e702d35b78758f31907b434cd3178eb852ca30a3
retrospective_v1_7/figures/main/Figure_3_v1_7_rank_signal_decomposition.png	331700	3820058295d7b2dba89b589a5280cb5754163bc8c3dabdc7bb2d910b4341f10b
retrospective_v1_7/figures/main/Figure_3_v1_7_rank_signal_decomposition.svg	55303	3792fc90a78ab0ccf02c78b9521017268c6be270c8ac55fa20e1460129925dd1
retrospective_v1_7/figures/main/Figure_4_v1_7_composition_and_point_accuracy.pdf	38727	b4de5313159caa55c067826c7502017311e2a529167cdfcdb0495b62660c8f95
retrospective_v1_7/figures/main/Figure_4_v1_7_composition_and_point_accuracy.png	470275	dd08f2b1b66e244dd50cf642f47a55fd57e1d7ec1260894ef370095ddf7545c1
retrospective_v1_7/figures/main/Figure_4_v1_7_composition_and_point_accuracy.svg	76382	e7cd72011baa39cb6ac8aa8df1ec3b124d36f41179d53c7a304a74c5e1453ccd
retrospective_v1_7/figures/main/Figure_5_v1_7_uncertainty_transport_and_repair.pdf	30990	81440cf1dd89fca6eb57e35ffcbeff9c944814081fbd53a1d9f67ed0ad16398a
retrospective_v1_7/figures/main/Figure_5_v1_7_uncertainty_transport_and_repair.png	351507	e3efbf397b5003573bb134bd06539ccedd70c8d09e3b63b496e5ef745ea62d10
retrospective_v1_7/figures/main/Figure_5_v1_7_uncertainty_transport_and_repair.svg	37596	965a5ea78b5d3db65b438e345a63c3316f93b326311c278a070f1636ff1ad188
retrospective_v1_7/figures/main/Figure_6_v1_7_feature_necessity_and_claim_boundary.pdf	37786	c8c2c0b768c0597769427fbc0e9c4c4aeeb66c50fb2873afd9ebe4e9b7813859
retrospective_v1_7/figures/main/Figure_6_v1_7_feature_necessity_and_claim_boundary.png	384694	a4552862102a33d5b8eeb3705f864a22c0b643c8076994bb1cc62a2f8ba007c2
retrospective_v1_7/figures/main/Figure_6_v1_7_feature_necessity_and_claim_boundary.svg	45451	332f812cf8a56982df55400ec545258b100d4116668e92b4886c678df646daa1
retrospective_v1_7/figures/supplementary/Supplementary_Figure_10_v1_7_data_quality_and_review.pdf	32443	45662cb4e28f3855a645717b96ccea39bd61941d6b97d8cddb2818086b10aa36
retrospective_v1_7/figures/supplementary/Supplementary_Figure_10_v1_7_data_quality_and_review.png	278592	f2593715f12c10ff0c20851e378d439cced163d29c92883c17a5abb5dc42fcda
retrospective_v1_7/figures/supplementary/Supplementary_Figure_10_v1_7_data_quality_and_review.svg	27690	0679d8821f21ab013edfa79e0b08db37e27252d8743e8e05a663a39dcb6a7372
retrospective_v1_7/figures/supplementary/Supplementary_Figure_11_v1_7_standardization_and_priors.pdf	33350	52128fe367c1392c2d704d74e4744c73c02ad3cba29e4868164266b509af2569
retrospective_v1_7/figures/supplementary/Supplementary_Figure_11_v1_7_standardization_and_priors.png	228320	16ba2655491c714e4e23b3384ffb88830c30484646d6d6234d3c47b6719d546e
retrospective_v1_7/figures/supplementary/Supplementary_Figure_11_v1_7_standardization_and_priors.svg	28090	014c3e4e081f5eb72931ee6bc146adfd1869a9fa8ac47c7aab8af830696aeb0c
retrospective_v1_7/figures/supplementary/Supplementary_Figure_1_v1_7_source_structure.pdf	49166	0d28022d6fa4dc860335c7c56c05dcb0b1eb7ce9b1681a58b056af503c69b5e8
retrospective_v1_7/figures/supplementary/Supplementary_Figure_1_v1_7_source_structure.png	329267	bcfe603368d1e9e890b76cf886f48e7ba707d9011bd4b6ebff011927251e6972
retrospective_v1_7/figures/supplementary/Supplementary_Figure_1_v1_7_source_structure.svg	170893	f8bcad8118734b11700c72d8fb8dfc444f7866238ccec96113213105a5b301f4
retrospective_v1_7/figures/supplementary/Supplementary_Figure_2_v1_7_rank_dependence_atlas.pdf	32493	c7ab4f22e7d2ed712032d5667164fef0363e82f2f0afc0c017f1df37eeb3ece3
retrospective_v1_7/figures/supplementary/Supplementary_Figure_2_v1_7_rank_dependence_atlas.png	343897	b6632dc74c199c0207cc882eb707d2743c9cc77d91607a2b313379e066a64630
retrospective_v1_7/figures/supplementary/Supplementary_Figure_2_v1_7_rank_dependence_atlas.svg	117074	a7acf65a96c3c4794e5779ac9bcfb3735c781f0c17c19c761bbeb75e3baa6d27
retrospective_v1_7/figures/supplementary/Supplementary_Figure_3_v1_7_model_agreement.pdf	23969	ac6cf48fae6e3a1a6b31180a911702c318bf58cb720f6fdd5a4a7dc9becd7982
retrospective_v1_7/figures/supplementary/Supplementary_Figure_3_v1_7_model_agreement.png	379635	08bbd52633907521fa726e7af48e5caf740bf88ef44f14c53115922a2cca1e7b
retrospective_v1_7/figures/supplementary/Supplementary_Figure_3_v1_7_model_agreement.svg	35565	d1b10bcabac95dd3c4a80bdfbec972eb7efa1792b3672d585de2eaf734f0ae6f
retrospective_v1_7/figures/supplementary/Supplementary_Figure_4_v1_7_complete_point_accuracy.pdf	28617	0b8b2311e4e17df5082af7b6cc9dfd2a54b3b349c9d474234513bff8d50de8e7
retrospective_v1_7/figures/supplementary/Supplementary_Figure_4_v1_7_complete_point_accuracy.png	255246	e24425ec06467ea8505ba399f0a443ce96589ca1a37e3c3149c16b5435713183
retrospective_v1_7/figures/supplementary/Supplementary_Figure_4_v1_7_complete_point_accuracy.svg	40774	4cb5e333fc4b6c69f420600320abb640215b93b4b333176f0080c9d8db8b2cfc
retrospective_v1_7/figures/supplementary/Supplementary_Figure_5_v1_7_cluster_influence.pdf	26118	cafdadcc1f4b26a13d1836e0f12e63ef76bf46ee0b86bb562df6c864b092c6c2
retrospective_v1_7/figures/supplementary/Supplementary_Figure_5_v1_7_cluster_influence.png	299012	525c40e6ed7ad1b5f4c020b04e031ae99147a26baf9bf2c98427dc4e99de4a10
retrospective_v1_7/figures/supplementary/Supplementary_Figure_5_v1_7_cluster_influence.svg	36784	faf1aa7fff2671275f9ce398dec12f0f7c8704761b4f6c7f90c74a78d071d8f3
retrospective_v1_7/figures/supplementary/Supplementary_Figure_6_v1_7_conditional_coverage.pdf	27375	f45eec6fc593d190cb5afc135d09331656b7a1f3f5471159a67b91fa9dc6f9db
retrospective_v1_7/figures/supplementary/Supplementary_Figure_6_v1_7_conditional_coverage.png	532998	a8f789e13c5266d892c924cf1ab4ec34defce33a80ea655d6dde762af1901c8b
retrospective_v1_7/figures/supplementary/Supplementary_Figure_6_v1_7_conditional_coverage.svg	36225	d888ebcf6c9d23c6f048e795f238ceceed7efeff918e7329b71edaf584a2622c
retrospective_v1_7/figures/supplementary/Supplementary_Figure_7_v1_7_recalibration_repeats.pdf	24343	ed64168a4bacee41bd6cbea6722b838d84577fff2c08ff46d6d4b88a69462180
retrospective_v1_7/figures/supplementary/Supplementary_Figure_7_v1_7_recalibration_repeats.png	142708	7936cd2f5c36193a5880edbd2376377efc92739d8149bc45d818e4a2d8664add
retrospective_v1_7/figures/supplementary/Supplementary_Figure_7_v1_7_recalibration_repeats.svg	30793	4d03a415b0e453e794f241f5fa3085976afe1bc7bcde0e1cd72ad5117e5163ce
retrospective_v1_7/figures/supplementary/Supplementary_Figure_8_v1_7_permutation_nulls.pdf	56102	9e63e3343a7fbdba4421bc885177a19d6addd68786a549440b2c779c6f730f7a
retrospective_v1_7/figures/supplementary/Supplementary_Figure_8_v1_7_permutation_nulls.png	465029	8d0a438127f2afc400b871d05d878a853e59c47a692967e0deb59cfc00cddc63
retrospective_v1_7/figures/supplementary/Supplementary_Figure_8_v1_7_permutation_nulls.svg	417983	ace8839161f3e7955b4a3e3b0dcda6304d81be2c72b153e8b99e15057741317f
retrospective_v1_7/figures/supplementary/Supplementary_Figure_9_v1_7_context_geometry_controls.pdf	24465	633d25ab42ac40535ca355ddcd483fb4c9c5396546067214c91a2a764d07411c
retrospective_v1_7/figures/supplementary/Supplementary_Figure_9_v1_7_context_geometry_controls.png	248801	0246067232fe4109354436cc8186bfa24d72b1b3efb5f24cb50725504988c92b
retrospective_v1_7/figures/supplementary/Supplementary_Figure_9_v1_7_context_geometry_controls.svg	23320	0d1cf701e874fb5fbc0d368c1d33ce440cf7f1868b09a636a78cbc6136f8b103
retrospective_v1_7/protocol/V1_7_RETROSPECTIVE_ANALYSIS_PROTOCOL.json	2654	a63b313ac07248b50892da8d88f7f9d265be715dc6c75be2fd1d42a4331befe7
retrospective_v1_7/protocol/V1_8_PROSPECTIVE_TEMPORAL_CONFIRMATION_PROTOCOL.json	7233	fbf83111a36721f44ca8dde2e485b24b14274ac4077943c7896043ae1e73e5b0
retrospective_v1_7/public_data/V1_7_CHEMBL37_PAIR_LEVEL_PREDICTIONS.tsv	10684698	b322c8c5c65815b90c124084e99735d47a93a8ddad9be191e1cb6305bf9cd611
retrospective_v1_7/qc/V1_7_COMPUTE_ENVIRONMENT.txt	478	140f44f1e3dff55069322a6275b6ca1ecd7e134bed7a34670a24ba8b2d0d002c
retrospective_v1_7/qc/V1_7_PUBLIC_CLEAN_REPRODUCTION_AUDIT.json	8126	39f2160680b1c92bd696c1b3c49da4fbaaeec4a158a7f0b386157d19ad1e7a67
retrospective_v1_7/qc/V1_7_R_SESSION_INFO.txt	1171	351dd24bc67501dd667ec18ffc293fb759ab8d83933721cf1ee0b5302cdc9855
retrospective_v1_7/scripts/build_v1_7_contact_sheets.py	3489	0cdaaf863c0a085bcb617fa1b814ef0444953c94873ea51edb0589b28d3f5601
retrospective_v1_7/scripts/build_v1_7_figures.R	64248	c256df8dcbaf0a8a8ea8ffb92efa8fd9e2dd09ab73f392677b542a56693ea86d
retrospective_v1_7/scripts/build_v1_7_scientific_upgrade.R	52518	17f15ba32dfd7d42f279da1d4a9d7c479031f1a920ee4e5e3a30d13557b44a33
retrospective_v1_7/scripts/capture_v1_7_environment.sh	937	44095a5d1a9a7c644cceaf86a53690cd8c4893552d42430574a1045df10f0f04
retrospective_v1_7/source_data/v0_9/PHASE16_CONTINUOUS_NOVELTY_MODELS_V0_9.tsv	5375	217bb1bd7f59bf26057811c57f95e572dc3de9bf99985747831ae2f75046c2fe
retrospective_v1_7/source_data/v0_9/PHASE16_DOMINANT_DOCUMENT_COMPONENT_REMOVAL_V0_9.tsv	2745	9ae96f6e5cd4c0d1004fa65ae33ceff4f01c9283a2ecbca31465512a502f011a
retrospective_v1_7/source_data/v0_9/PHASE16_EXPLORATORY_ENTITY_PRIOR_BASELINES_V0_9.tsv	897	43aa0006fd212eb73a6200a12b149148b21e501ad4de021ce0e5beb07609c9ac
retrospective_v1_7/source_data/v0_9/PHASE16_INFERENCE_SENSITIVITY_V0_9.tsv	17681	480e736b008f33448e44ce4d9ce1f797772333ac6b352d46494ff5ff979aa842
retrospective_v1_7/source_data/v0_9/PHASE16_LABEL_AND_SOURCE_COMPOSITION_V0_9.tsv	1259	43ea60e6047ace891cbbad7ad91f527fb6b53100c428f0b682414b901769a238
retrospective_v1_7/source_data/v0_9/PHASE16_NOVELTY_SURFACE_4X4_V0_9.tsv	2294	ea2bf573d900c11d339cc7e468f20d509423272e0fcbd5e3afc92ae4ba3edfcc
retrospective_v1_7/source_data/v0_9/PHASE26_NULL_CONTROL_PAIRED_EFFECTS_V0_9.tsv	1620	53cc16635083fd1b99f4802cca03548d09cd131cdc9d37f3d44a256ec97d7bba
retrospective_v1_7/source_data/v0_9/PHASE26_OBSERVED_VS_PERMUTED_V0_9.tsv	367	caef50953ce25c8553322e3f5b68f5a0812983d3965b9224e73fddb2d56520a0
retrospective_v1_7/source_data/v1_4/V1_4_MAIN_DECISION_PLANE.tsv	3348	0d06ea1ce5e741a1788c256becdbb3467009bf57f17cea49067b0ad5ff5ac36b
retrospective_v1_7/source_data/v1_4/V1_4_MAIN_DESCRIPTOR_SUPPORT.tsv	1620	a4471062252734ea42303735c59ff34079228838d02a0de27bf8e9edf4ac4f22
retrospective_v1_7/source_data/v1_4/V1_4_MAIN_PAIRED_FOREST.tsv	1625	b271cf8130d2253d8cd8434f2a95a0b9e226deea10cbe59fe15bd3b0dec1c1d3
retrospective_v1_7/source_data/v1_4/V1_4_MAIN_REPEAT_DELTAS.tsv	1476	0c9a777871f589ab71a716738599dce3b51aaffbaa5b6532b71661d4aca89bf8
retrospective_v1_7/source_data/v1_4/V1_4_SUPP_CONTEXT_PATTERNS.tsv	3993	ea94d65fab7c93acd74d65a23a82e8172cb2e0ab1aebd064cad868073f54ebdd
retrospective_v1_7/source_data/v1_4/V1_4_SUPP_CONTEXT_PHI.tsv	5222	712e4b97c994cd7f2c8eabb7ae0ed7021de6f2685f00b7a37a1288c25c525dfd
retrospective_v1_7/source_data/v1_4/V1_4_SUPP_DESCRIPTOR_ELIGIBILITY.tsv	2136	62f1cffcbfe3cb89cfd5bef43142e31b65957d1b9d61b0c7384c808e4eb8991e
retrospective_v1_7/source_data/v1_4/V1_4_SUPP_DOCUMENT_EFFECTS.tsv	83297	b400145f89aefbec3e90f08e314ae00fbd504553ae584ca27ba651ca8335df63
retrospective_v1_7/source_data/v1_5/V1_5_PERMUTATION_NULL_METRICS.tsv	153002	5436c5b650bcb1df88a2724ab99110ba137e79253ba5b7ba999c51e49a11df32
retrospective_v1_7/source_data/v1_5/V1_5_STRATUM_METRICS.tsv	2347	e33397c7a4425f0b5d932402ab2c6503e93e6e72bfc8bc1d706c723cb8d7ede9
retrospective_v1_7/source_data/v1_6/V1_6_INTEGRITY_AUDIT.json	3722	0fd1981b9787758484149bfc593fb397eb47e7f02db7653997edd94a77bb5ff4
retrospective_v1_7/source_data/v1_6/V1_6_MODEL_AGREEMENT.tsv	10564	97a97e9f168b08bed827d1933afb810d1464585ab67fcd71cd246b393f9cddac
retrospective_v1_7/source_data/v1_6/V1_6_MODEL_STRATUM_METRICS.tsv	19646	d07f5e2b2d3a84f2af560708679495da3b88b76611a3adad506db6b890da766d
retrospective_v1_7/source_data/v1_6/V1_6_PAIRED_CLUSTER_BOOTSTRAP.tsv	8030	cf1e371e3b001beb0cd55707ef44675a802cfe65652baf51eb7599757141c176
retrospective_v1_7/source_data/v1_6/V1_6_RESULT.json	2311	aceca157871504e8fd148027fc1fd02a084f6ac828328a02442b8d5ab3a8af12
retrospective_v1_7/source_data/v1_6/V1_6_SPECIFICATION_CONSISTENCY.tsv	1694	05575402bb206ed5207250df5583850cd5a11da18c5a5a1eea7ccaf51a2263b9
retrospective_v1_7/tables/Table_1_EXTERNAL_SOURCE_DESIGN.tsv	1281	901cfe92683b4cf0ca569c1acc3f339745539172fe4c858448fd1b9ec7d21e41
retrospective_v1_7/tables/Table_S15_NMI_NCS_RECORD_OVERLAP_AUDIT.tsv	1654	4fe728eb0d76374c02ddb4da94091e49f6ef81191be6ee9705ba4919232a54bc
retrospective_v1_7/tables/Table_S16_INDEPENDENT_SOURCE_RELEASE_AUDIT.tsv	3380	bc4c64309c909b8ec648c71983e733de96a612e4464194793e7c6c74df240c20
retrospective_v1_7/tables/Table_S1_MODEL_SPECIFICATIONS.tsv	2806	404f9244cbc8cfbac2a6d00690c42cf8be6673e354bfac658000994e1cb8fdc5
retrospective_v1_7/tables/Table_S2_COMPLETE_METRICS_AND_INTERVALS.tsv	20162	3d2aa17b629c7d07c398d7c49750d1a402a3250e99e0e67b747ec5d659f8ae89
retrospective_v1_7/tables/Table_S3_DEPENDENCE_AND_INFLUENCE.tsv	37833	f3f2aed3cecb2726a669ea09b899e70a873d6075a1fdb77a61aa90a09e2efb5a
retrospective_v1_7/tables/Table_S4_COMPLETE_NULL_CONTROLS.tsv	5693	2f39433ee9c8cf9f87d6d2e56ce58e05ab27985285c65ff22c8cf61d5ad8ac45
retrospective_v1_7/tables/Table_S5_REFORMS_LOCATION_MATRIX.tsv	8463	8a8e3a2b106e5a6df661b6b6699ed84c0309dc167e75801579efc1fdbe0d54e5
retrospective_v1_7/tables/Table_S6_DATA_LINEAGE.tsv	2107	5b708cdc89af5335e04ce46ca00e609e658c2c87b025a65f1d16dc508754ddf1
retrospective_v1_7/tables/Table_S7_NMI_NCS_NONOVERLAP_MATRIX.tsv	3870	dd9c4ead11c80aea21be72ded7cdb706a587114209d84b20375e460de89cef6f
temporal_v1_12/figure_source_data/Figure_T1A_evidence_gate.tsv	307	957831de3b6921021e67bd9d9b58bd53eaf836b2b14f60d8f9837c7fe3cacc15
temporal_v1_12/figure_source_data/Figure_T1B_rank_scale.tsv	1615	619e01d5dab8a606b6e94c7d5b3bc9104e609b6aa0b49cd9b7bd2b67fcbc5a3c
temporal_v1_12/figure_source_data/Figure_T1C_attenuation.tsv	861	e5ec9cb089f1dd091ab74e6ea2fa43113815783555fbe93f234e2937b47e7f8d
temporal_v1_12/figure_source_data/Figure_T1D_source_stress.tsv	6416	151c3f2d6b0597f392f49d1d29be58b26b8e2c9fac950763fd3bd20b367472e9
temporal_v1_12/figure_source_data/Figure_TS1A_source_composition.tsv	220	1b88affac1af24949548ca573f1865dccd1615e2e82a6c1d729634f946b3452f
temporal_v1_12/figure_source_data/Figure_TS1B_target_support.tsv	46497	f872bf3ca08e675b8fd5cb24981bfaf3e65c69d93fe2bdef9681bd3ea20498f8
temporal_v1_12/figure_source_data/Figure_TS1C_covariance.tsv	728	a07e5d66316d46d56cfd7a2746fea851115f9a4939d6fdd2ac6a86c0bd358007
temporal_v1_12/figure_source_data/Figure_TS1D_calibration_utility.tsv	1954	4dc7f36ea128b6e4115184cedd7b250401f679fb8389d667d46efe9e78c78499
temporal_v1_12/figure_source_data/Figure_TS1E_all_sensitivities.tsv	2300	4fdfd4da27109082dc2fc209c436389f63d4af5557c67d4278fa46761dc2892b
temporal_v1_12/figure_source_data/Figure_TS1F_component_concentration.tsv	8020	1f01e930135f768050b4967be4ffd1b8f4e000e08f9eed5c28cd75f899b32780
temporal_v1_12/figure_source_data/Figure_TS2A_resampling_forest.tsv	1896	f95079b8260ace3be109cb024612851cbf2b335bb7e4b5da3704a279b475e669
temporal_v1_12/figure_source_data/Figure_TS2B_strict_temporal_subset.tsv	912	81844ff68cf1338091456496c1773dfba0f97b0e7ea7893b1b4056e9d91333e1
temporal_v1_12/figure_source_data/Figure_TS2C_source_origin_attenuation.tsv	561	16bef64257f6a766db9e34524e2607f03373d650746b7000025f700b47427f95
temporal_v1_12/figure_source_data/Figure_TS3_target_level_summary.tsv	1307	24bd29e4f5fc74798ef8338675e6a252f467f91ccf87f8d6d94eaa3c3389e3b2
temporal_v1_12/figure_source_data/Figure_TS4_hierarchical_simulation_replicates.tsv	394315	0a3058160f759697247a319d8eb39145667790d6cd270a3ae9aa8f431433a5a9
temporal_v1_12/figure_source_data/Figure_TS4_hierarchical_simulation_summary.tsv	3230	42220744e01e006b50e3fe45eb7e340e5b88b33f697cd3cccaa7b10a011ad5cf
temporal_v1_12/figures/main/Figure_6_outcome_blind_temporal_validation.pdf	52487	549baadb91ba776b3d27bb7f80e75b0d758113017684f04899d5cbaa29d12b4d
temporal_v1_12/figures/main/Figure_6_outcome_blind_temporal_validation.png	741416	e3eb9f6b504630f3fa9fb7bfe691db519c9a9e43f196677b65a3b5be1ae47cc7
temporal_v1_12/figures/main/Figure_6_outcome_blind_temporal_validation.svg	61161	d5b5489d8c31bfd7cb822871b15f865444a2f9258d3e5d265d5977d75cec1adc
temporal_v1_12/figures/supplementary/Figure_S12_temporal_architecture_diagnostics.pdf	79654	a585717b60302cb6d4e7f51739f0160562190f7ff790b5c72ec2d8501547b9e9
temporal_v1_12/figures/supplementary/Figure_S12_temporal_architecture_diagnostics.png	1002713	6d01795dee7aa4b27917c0023bb95b3f26987025709ded76fa68db13a8dbbcde
temporal_v1_12/figures/supplementary/Figure_S12_temporal_architecture_diagnostics.svg	115175	6c4c3713eb799d60d36d7d4442fc3f45d9399c53755dafe431775bec836c2637
temporal_v1_12/figures/supplementary/Figure_S13_resampling_and_source_heterogeneity.pdf	52636	7566533e553793440517f82aad7997ce41ac73d645528c11fcefa3f1bf2896da
temporal_v1_12/figures/supplementary/Figure_S13_resampling_and_source_heterogeneity.png	769766	4f82c41c07ec34e4959b4cad2d487f08b8287e604319dfda1baee6f475b43aac
temporal_v1_12/figures/supplementary/Figure_S13_resampling_and_source_heterogeneity.svg	54034	3b3e136f8a81e5c632b7e9a1be15a417f7cead75f2ae70efe60396ebdb4ade9c
temporal_v1_12/figures/supplementary/Figure_S14_target_level_rank_distribution.pdf	31891	d8bf8385b52216970175bc47752aa85cb379e027438496cfbbf81df6ece9884b
temporal_v1_12/figures/supplementary/Figure_S14_target_level_rank_distribution.png	1508372	721e936aed6971796da512c10c9fb87ac0c6f0ff0fe0a689739d2b8fd680b5fd
temporal_v1_12/figures/supplementary/Figure_S14_target_level_rank_distribution.svg	167265	249a9f42d0c21a8e9bfdc8ab712efd10c1f33dabfe5c9a37034fae215ec89480
temporal_v1_12/figures/supplementary/Figure_S15_controlled_hierarchy_simulation.pdf	22976	ed060c1cd832b78f1d7a142004a6dd9085a54e5f7f704bea07a4a937d6e3717c
temporal_v1_12/figures/supplementary/Figure_S15_controlled_hierarchy_simulation.png	992511	522c02ef90a16073e6ff18d478132981c5c0481683494c87af657335c1d76934
temporal_v1_12/figures/supplementary/Figure_S15_controlled_hierarchy_simulation.svg	86543	c6c8d9fe0d44ac4b66f6dca8169f331d29757a542eb60d59cf7ea4eb3a1264cd
temporal_v1_12/locks/V1_12_ANALYSIS_CODE_LOCK.json	1385	2486cff779c8ae428711a0646b21b452e98bbb5ee3435a8cb443081cf9ca16f9
temporal_v1_12/locks/V1_12_EXECUTION_CODE_LOCK.json	1817	5d8277b40960bb1a557e1e755adaf2cc60d2f287aa9e676e6c66b0697553cafe
temporal_v1_12/locks/V1_12_FINAL_EVIDENCE_BOUNDARY.md	818	548c69381a73f4f6567c7192604133065f2393c0d42a9029ee62f1f3e645c21b
temporal_v1_12/locks/V1_12_OUTCOME_READ_RECEIPT.json	765	de7bd0a98b8cbd9fe1231bf1c4c5f4464d39de130073e57bb2ef67a4ebaf3532
temporal_v1_12/locks/V1_12_SENSITIVITY_CODE_LOCK.json	619	cf29acf645ebd79b70e55eec7ade552d2d95065523d174c92294fbb09b3495f0
temporal_v1_12/locks/V1_12_STAGE2_LOCK.json	5156	5d77484fc638d0fd94275c2b3cbc44e2f3bfeba7b930902e9a6d2506b8f26773
temporal_v1_12/locks/V1_12_UNBLIND_RECEIPT.json	1710	6332863be9f49070e9f43be68ed7583755993c228f19037e5c21a8ea868cad28
temporal_v1_12/model_inputs/V1_12_ESM2_RUNTIME_EQUIVALENCE.json	1193	906efa9a563d2111c36492cc06ff43af3f3c557aad920ca6f2a5e37eca768c43
temporal_v1_12/model_inputs/V1_12_FROZEN_ESM2_EMBEDDINGS.npz	423057	ccefe5e14a85ff5c0f3abfc7cb0bb68f3a3ffae5e0c7649ae87f27d5ac1be666
temporal_v1_12/model_inputs/V1_12_FROZEN_ESM2_INDEX.tsv	26184	5a7e226ab8dcda510970fbe54f9238c09036962a1087bcb7a49a85ec6549cdb5
temporal_v1_12/model_inputs/V1_12_FROZEN_ESM2_RECEIPT.json	2789	11ab4d77ad087fffc5c6170b1a3ce09766afb1ae0b24146c4df1b9ee23cf905b
temporal_v1_12/predictions_frozen/V1_12_FROZEN_PREDICTIONS.tsv	1815758	691eba39813ef899ff00d77bdd16f2b8b8e5673dc133a42aee6bd0636cced883
temporal_v1_12/predictions_frozen/V1_12_PREDICTIONS_FROZEN_RECEIPT.json	2098	31d5f060c3372470695047a41eb763336423d7cba49283fe998cdd2ade1372fa
temporal_v1_12/predictions_frozen/V1_12_PREDICTION_START_RECEIPT.json	582	21f35e012deed61ecbb331a50eeffcea73e861e48f42d0f511df0f0505d67644
temporal_v1_12/protocol/V1_12_ANALYSIS_IMPLEMENTATION_SPEC.json	2920	0f05717fb8b6a516374994a68e0bd52b4bafa9bcce01cad4ebe2dd36c4bb1654
temporal_v1_12/protocol/V1_12_OUTCOME_BLIND_TEMPORAL_AGGREGATE_PROTOCOL.json	8769	c2c25e5d3a48b5e83ae053c927ab3d754b0a03ee3a8d232614263f4b9e7ab5eb
temporal_v1_12/qc/V1_12_FIGURE_BUILD_RECEIPT.json	5168	f17d10d6732669f5f5639916d5e8bea885bd4e926551c6e6c14b78b473cc6553
temporal_v1_12/qc/V1_12_SUBMISSION_INTEGRATION_AUDIT.json	20187	44eb13b1fb251a4ee838a2f4127919a7a0e7d75200a6450dea2789c8526ec2d9
temporal_v1_12/results_locked/V1_12_ANALYSIS_COMPLETE.json	2310	2c7a75ccc3e1b457d8204b1d997a1f23ce15184368281fab27b19e989e754612
temporal_v1_12/results_locked/V1_12_LOCKED_DECISION.json	2919	da199d001416a194c57aac9195e0a18c7e5aa2dc8452e283ffd9520f75bb21a6
temporal_v1_12/results_locked/V1_12_LOCKED_DECISION.md	1035	bcc536db2667719f7528a7813b6c49371a195d9fc9c87a65b220160bf6ae51d4
temporal_v1_12/results_locked/V1_12_LOCKED_SENSITIVITY_POINT_ESTIMATES.tsv	14050	a36762e0696632f1360e3bc8b7de561584a35339863e593e4992db13a7c3f794
temporal_v1_12/results_locked/V1_12_MAE_REFERENCE_COMPARISONS.tsv	1144	4ed63dc2259f4c085c786814dac598000552eae7da421a79eb2110c34ba060b8
temporal_v1_12/results_locked/V1_12_PRIMARY_BOOTSTRAP_REPLICATES.npz	454864	58417bbdea65b0866f5125722b393ea0e374018f7974a2126471c27690322a1a
temporal_v1_12/results_locked/V1_12_PRIMARY_ENDPOINTS.tsv	3146	a4e2d174d7fe7b10bed2bffb39a478d0041219d89e57b4a72384946039d9ed3b
temporal_v1_12/results_locked/V1_12_RANK_COVARIANCE_DECOMPOSITION.tsv	2134	9847920d28a701cd19e238a161750a659f987805e09b1d54153e567724746628
temporal_v1_12/results_locked/V1_12_SECONDARY_METRICS.tsv	2172	6592d83bbf0c6c72fe987cd4edc84fec1ffd470e4cc7c3ed869a42ac18f7dcc3
temporal_v1_12/results_locked/extended_sensitivity/V1_12_EXTENDED_SENSITIVITY_RECEIPT.json	1412	5e222579c34c1f4c8dfeb187dc0e8f8c1c3480181f718b13aa84ef57933bc6c2
temporal_v1_12/results_locked/extended_sensitivity/V1_12_EXTENDED_SENSITIVITY_REPLICATES.npz	2505086	55ee01e0fd6fe023fb9276a79c9dd77d2c429e857afe2578a6115bc25a6967dd
temporal_v1_12/results_locked/extended_sensitivity/V1_12_RESAMPLING_UNIT_SENSITIVITY.tsv	8576	8c67f4785cead652dbfca2fdf1fbb2ea06957f86ad970710927c36f55f038fa1
temporal_v1_12/results_locked/extended_sensitivity/V1_12_SOURCE_ORIGIN_BOOTSTRAP_INTERVALS.tsv	29727	8271f0f6dcf419e3019cdd61236f691d3eda87620975a96d557e9d0f48a02f51
temporal_v1_12/scripts/audit_v1_12_submission_integration.py	10397	47e6c3c39cb1f9263910df67a7c52e2b84023c82341150a687b59991c7a7c228
temporal_v1_12/scripts/build_v1_12_blind_aggregate.py	17041	e6add6aa6d8db77c8a71ee73ea919b43e02d03c1c662ef20b4abfdcf32c9b9a6
temporal_v1_12/scripts/build_v1_12_publication_figures.py	33877	98cf46ab790bcf5ff3cead33a715bf61fef58d926b8dc07d5f80d1907eb5dd2f
temporal_v1_12/scripts/freeze_v1_12_analysis_code.py	4087	dd5c64368baa81db4eadae05145d8d87707ba227540291a1f35d0af304fa9fee
temporal_v1_12/scripts/freeze_v1_12_execution_code.py	4056	920b05e5d95d94efa77532e04acedd1979b10dc8fa0861e44b92a2f93f1f8113
temporal_v1_12/scripts/freeze_v1_12_sensitivity_code.py	2033	53123472898c0d075d6b5947a9e82fb267c03daaa68d65ca4a9f8a639b0e67ed
temporal_v1_12/scripts/freeze_v1_12_stage2_lock.py	10699	2d6b9f135a97cbf50ce93e27d2845f81857842b2654f44c8943db5af63b34ebb
temporal_v1_12/scripts/generate_v1_12_frozen_esm2.py	10598	0b3da5794fb05f9eebda963ffa0febadcb249adc555eeb1f18b9d359fcc9ca61
temporal_v1_12/scripts/predict_v1_12_frozen_panel.py	19353	ba712e622d682f9227638b76850c700b30597e2997e7b91710c1415cefc9c715
temporal_v1_12/scripts/run_v1_12_extended_sensitivity.py	18522	24f90513f7d33d6b8ca2ef47484872b99ce9b5e7d16f0745b6ce251e0e4b5077
temporal_v1_12/scripts/run_v1_12_locked_analysis.py	54408	cf35c5ee48f5c54341a06af73f5eb0654ad9d820e9b7c073b0a7de4a3b862b66
temporal_v1_12/scripts/test_v1_12_locked_analysis_integration.py	10271	9c93a607433cf4347b30672fe81753b46510ea1d7f40d5b045bc24256b0c7d86
temporal_v1_12/source_frozen/V1_12_BLIND_STRUCTURES.tsv	3284932	3ec81bc34c3a8689434d203f276d03b9b49fa44b8beab91ab7e23e8baef8237d
temporal_v1_12/source_frozen/V1_12_OUTCOME_JOIN_MAP.tsv	291480	006fceef99f7471ae3738dae9f8c51f19b51dc15c4f690f23b2e1607fed85213
temporal_v1_12/source_frozen/V1_12_SOURCE_MANIFEST.json	5932	0edcabaa55bbc7d3b6592b1efd78b4370abec60e6184adbc61a08bc4e00ccf80
temporal_v1_12/source_frozen/V1_12_STRUCTURE_ONLY_FEASIBILITY_AUDIT.json	1248	92de559c2608746539d371bf865597b2bcfcf5887c525d3bb8d085573fd53b8b
temporal_v1_12/source_frozen/V1_12_TARGET_SUPPORT.tsv	46497	f872bf3ca08e675b8fd5cb24981bfaf3e65c69d93fe2bdef9681bd3ea20498f8
temporal_v1_12/tables/Table_S10A_TEMPORAL_LOCKED_SENSITIVITY_POINT_ESTIMATES.tsv	14050	a36762e0696632f1360e3bc8b7de561584a35339863e593e4992db13a7c3f794
temporal_v1_12/tables/Table_S10B_TEMPORAL_SOURCE_ORIGIN_INTERVALS.tsv	29727	8271f0f6dcf419e3019cdd61236f691d3eda87620975a96d557e9d0f48a02f51
temporal_v1_12/tables/Table_S10C_TEMPORAL_RESAMPLING_SENSITIVITY.tsv	8576	8c67f4785cead652dbfca2fdf1fbb2ea06957f86ad970710927c36f55f038fa1
temporal_v1_12/tables/Table_S11_TEMPORAL_SECONDARY_METRICS.tsv	2172	6592d83bbf0c6c72fe987cd4edc84fec1ffd470e4cc7c3ed869a42ac18f7dcc3
temporal_v1_12/tables/Table_S12_TEMPORAL_RANK_COVARIANCE_DECOMPOSITION.tsv	2134	9847920d28a701cd19e238a161750a659f987805e09b1d54153e567724746628
temporal_v1_12/tables/Table_S13_TARGET_LEVEL_MACRO_METRICS.tsv	115140	b9cc772b2e9de8ac287fb79df23386c69998a000cf9ba1d0ce852d5e4b32e69a
temporal_v1_12/tables/Table_S14_TARGET_SUPPORT_SENSITIVITY.tsv	2837	87a21dbc46f2f3c279086ed72843cb7021f9ad05a4727cd75457e3c9ce3ddde8
temporal_v1_12/tables/Table_S8_TEMPORAL_DESIGN_AND_FREEZE_AUDIT.tsv	4377	d15ccc75050d6d40344011323d9297cf2a8c0ad608c5feedc985b906538f9026
temporal_v1_12/tables/Table_S9_TEMPORAL_PRIMARY_ENDPOINTS.tsv	3146	a4e2d174d7fe7b10bed2bffb39a478d0041219d89e57b4a72384946039d9ed3b
