source	stratum	stratum_label	model_id	model_label	n	mae	baseline_mae	delta_mae	delta_mae_document_ci95_low	delta_mae_document_ci95_high	delta_mae_scaffold_ci95_low	delta_mae_scaffold_ci95_high	delta_mae_protein_cluster_ci95_low	delta_mae_protein_cluster_ci95_high	delta_mae_three_way_ci95_low	delta_mae_three_way_ci95_high	delta_mae_dependence_envelope_ci95_low	delta_mae_dependence_envelope_ci95_high	r2	mean_bias	mean_bias_three_way_ci95_low	mean_bias_three_way_ci95_high	calibration_slope	calibration_slope_three_way_ci95_low	calibration_slope_three_way_ci95_high	coverage_90	coverage_90_document_ci95_low	coverage_90_document_ci95_high	coverage_90_three_way_ci95_low	coverage_90_three_way_ci95_high	coverage_90_dependence_envelope_ci95_low	coverage_90_dependence_envelope_ci95_high
BioLiP/MOAD	overall	Overall	hgb_molecule	HGB ligand only	1382	1.2932046555816	1.67295565914714	-0.379751003565546	-0.48170789497615	-0.277794112154941	-0.485142369957245	-0.274359637173845	-0.505065949416927	-0.254436057714164	-0.493084307444792	-0.266417699686299	-0.505065949416927	-0.254436057714165	0.211950412529291	0.109789666578176	-0.0786216053946329	0.298200938550984	1.10597883381732	0.979639148002146	1.23231851963248							
BioLiP/MOAD	overall	Overall	hgb_protein	HGB protein only	1382	1.63337188265836	1.67295565914714	-0.0395837764887822	-0.125382254372818	0.0462147013952538	-0.10779017862239	0.0286226256448252	-0.135845603551291	0.0566780505737265	-0.119480358346791	0.0403128053692258	-0.135845603551291	0.0566780505737266	-0.227172837961881	0.936501819887772	0.705345387837312	1.16765825193823	0.604466144665069	0.394256684267166	0.814675605062972							
BioLiP/MOAD	overall	Overall	hgb_fusion_additive	HGB additive fusion	1382	1.33926880717564	1.67295565914714	-0.333686851971507	-0.420742369389638	-0.246631334553377	-0.423688939884491	-0.243684764058524	-0.438621394799686	-0.228752309143329	-0.430893294790534	-0.236480409152481	-0.438621394799686	-0.228752309143329	0.158608980035157	0.402308532914657	0.219230540131141	0.585386525698172	1.07000542720244	0.882930493335642	1.25708036106925							
BioLiP/MOAD	overall	Overall	hgb_fusion_interaction	HGB interaction fusion	1382	1.34785670832168	1.67295565914714	-0.325098950825468	-0.410816746243303	-0.239381155407633	-0.406182166276831	-0.244015735374106	-0.423826431131915	-0.226371470519021	-0.41338119786115	-0.236816703789787	-0.423826431131915	-0.226371470519021	0.1455968278727	0.43859601946227	0.249645733278514	0.627546305646025	1.05531630035547	0.854245228474693	1.25638737223624							
BioLiP/MOAD	overall	Overall	phase15_esm2_aft_frozen	Frozen ESM2-AFT	1382	1.31201059993551	1.67295565914714	-0.360945059211637	-0.472490963793446	-0.249399154629828	-0.450882452266566	-0.271007666156708	-0.488265474612604	-0.23362464381067	-0.462704502282979	-0.259185616140295	-0.488265474612604	-0.23362464381067	0.173101082746569	0.307949972993531	0.131238748971357	0.484661197015705	0.89815488090099	0.727157140665507	1.06915262113647	0.642547033285086	0.590863874967019	0.694230191603153	0.593349379601658	0.691744686968514	0.585017725124072	0.7000763414461
BioLiP/MOAD	drug_cold	Ligand cold	hgb_molecule	HGB ligand only	291	1.50537748458918	1.6827405966001	-0.177363112010924	-0.378910082993584	0.0241838589717356	-0.418345215434503	0.0636189914126546	-0.441104268585955	0.0863780445641071	-0.445355194363062	0.090628970341214	-0.445355194363062	0.0906289703412138	0.182792593254737	-0.310778006790924	-0.816540735020335	0.194984721438487	1.36177831770736	1.12826855590107	1.59528807951364							
BioLiP/MOAD	drug_cold	Ligand cold	hgb_protein	HGB protein only	291	1.431753107833	1.6827405966001	-0.250987488767101	-0.540410707978256	0.0384357304440546	-0.451981217931914	-0.0499937596022868	-0.606260644470047	0.104285666935845	-0.564748609169983	0.0627736316357813	-0.606260644470046	0.104285666935845	0.180055908818792	0.462918041322074	-0.111068588007435	1.03690467065158	0.858330057001048	0.48367699398062	1.23298312002148							
BioLiP/MOAD	drug_cold	Ligand cold	hgb_fusion_additive	HGB additive fusion	291	1.29871095746365	1.6827405966001	-0.384029639136458	-0.636517371848348	-0.131541906424568	-0.578454213920531	-0.189605064352386	-0.702215549676329	-0.0658437285965873	-0.662286695606252	-0.105772582666665	-0.702215549676329	-0.0658437285965873	0.349969148020277	0.0584998125152142	-0.387280010920927	0.504279635951355	1.30097156245495	0.947286334729955	1.65465679017995							
BioLiP/MOAD	drug_cold	Ligand cold	hgb_fusion_interaction	HGB interaction fusion	291	1.32585675341969	1.6827405966001	-0.356883843180418	-0.610120243870161	-0.103647442490674	-0.531519404079473	-0.182248282281363	-0.642976751081149	-0.0707909352796871	-0.600456225634276	-0.11331146072656	-0.642976751081149	-0.0707909352796873	0.314572014716166	0.101924038767233	-0.415290957490997	0.619139035025464	1.24057334682736	0.842319218228281	1.63882747542644							
BioLiP/MOAD	drug_cold	Ligand cold	phase15_esm2_aft_frozen	Frozen ESM2-AFT	291	1.21534178476977	1.6827405966001	-0.467398811830336	-0.73133538653699	-0.203462237123682	-0.658937799795367	-0.275859823865305	-0.789241122023254	-0.145556501637419	-0.752577238692447	-0.182220384968225	-0.789241122023254	-0.145556501637418	0.383391682263947	0.0698128150692166	-0.351374544358199	0.491000174496632	1.12629386476966	0.827186658783115	1.42540107075621	0.673539518900343	0.580261052589934	0.766817985210752	0.673539518900343	0.673539518900343	0.580261052589934	0.766817985210752
BioLiP/MOAD	protein_identity_cold	Target cold	hgb_molecule	HGB ligand only	365	1.23610518182817	1.76554946768767	-0.529444285859495	-0.704607751398757	-0.354280820320233	-0.64121858022744	-0.41766999149155	-0.768605001148041	-0.29028357057095	-0.64199636402282	-0.416892207696171	-0.768605001148041	-0.29028357057095	0.0800464766078239	0.153464691953998	-0.071607218794079	0.378536602702074	0.841480507571991	0.469461284188964	1.21349973095502							
BioLiP/MOAD	protein_identity_cold	Target cold	hgb_protein	HGB protein only	365	1.74292493117152	1.76554946768767	-0.0226245365161522	-0.126924359619729	0.081675286587425	-0.112888047741366	0.0676389747090616	-0.13396176395761	0.0887126909253055	-0.0966672439578123	0.051418170925508	-0.13396176395761	0.0887126909253055	-0.670606352951622	1.23612576802211	1.05917979946679	1.41307173657743	0.202943745203178	-0.135011372846342	0.540898863252697							
BioLiP/MOAD	protein_identity_cold	Target cold	hgb_fusion_additive	HGB additive fusion	365	1.33007643271434	1.76554946768767	-0.435473034973329	-0.580551288454554	-0.290394781492106	-0.52219453862215	-0.34875153132451	-0.629895573624553	-0.241050496322106	-0.517522493837153	-0.353423576109507	-0.629895573624553	-0.241050496322106	-0.0140944452202174	0.457246563524229	0.247734986602877	0.666758140445581	0.752737986682702	0.372057433109541	1.13341854025586							
BioLiP/MOAD	protein_identity_cold	Target cold	hgb_fusion_interaction	HGB interaction fusion	365	1.3291924753481	1.76554946768767	-0.436356992339567	-0.574883953624876	-0.297830031054259	-0.518209482030629	-0.354504502648505	-0.621280945971307	-0.251433038707827	-0.528323878916756	-0.344390105762379	-0.621280945971307	-0.251433038707828	-0.00225271321313603	0.488700062287576	0.305080845051744	0.672319279523408	0.84903157390953	0.516417667096916	1.18164548072214							
BioLiP/MOAD	protein_identity_cold	Target cold	phase15_esm2_aft_frozen	Frozen ESM2-AFT	365	1.37898287933226	1.76554946768767	-0.386566588355411	-0.549385831807299	-0.223747344903524	-0.481833651061415	-0.291299525649408	-0.596503762916333	-0.176629413794489	-0.466956278011074	-0.306176898699749	-0.596503762916333	-0.176629413794489	-0.151224641319845	0.441455424170355	0.196313625700766	0.686597222639943	0.333880989079567	0.0360447351637235	0.631717242995411	0.613698630136984	0.523206154223047	0.704191106050921	0.551291608041617	0.676105652232351	0.519057565451703	0.708339694822266
BioLiP/MOAD	strict_scaffold_protein_identity_double_cold	Double cold	hgb_molecule	HGB ligand only	704	1.24665443642011	1.58951747311748	-0.342863036697373	-0.488871333424498	-0.196854739970248	-0.464989136553228	-0.220736936841518	-0.492370054530796	-0.193356018863949	-0.450708267525616	-0.23501780586913	-0.492370054530796	-0.193356018863949	0.122077063096029	0.280641792228681	0.0721484063467358	0.489135178110626	0.928920690741032	0.732520193558546	1.12532118792352							
BioLiP/MOAD	strict_scaffold_protein_identity_double_cold	Double cold	hgb_protein	HGB protein only	704	1.66467284880129	1.58951747311748	0.0751553756838074	-0.0135676917148613	0.163878443082476	0.00228358369837804	0.148027167669236	-0.0197139893580497	0.170024740725664	-0.00385448424811258	0.154165235615727	-0.0197139893580495	0.170024740725664	-0.52851755175445	1.02015448588947	0.717429669515254	1.32287930226369	-0.000252412887505003	-0.360566828565887	0.360062002790877							
BioLiP/MOAD	strict_scaffold_protein_identity_double_cold	Double cold	hgb_fusion_additive	HGB additive fusion	704	1.36626621823053	1.58951747311748	-0.223251254886952	-0.328808423455441	-0.117694086318463	-0.313052114027525	-0.133450395746379	-0.331331396284221	-0.115171113489683	-0.300910496330202	-0.145592013443701	-0.331331396284221	-0.115171113489683	-0.0621195580957796	0.548826434824791	0.30353675808551	0.794116111564073	0.673898021709007	0.306256150524681	1.04153989289333							
BioLiP/MOAD	strict_scaffold_protein_identity_double_cold	Double cold	hgb_fusion_interaction	HGB interaction fusion	704	1.37308402305757	1.58951747311748	-0.216433450059907	-0.318832586581026	-0.114034313538789	-0.303543819797138	-0.129323080322676	-0.321771257958066	-0.111095642161748	-0.294877227494583	-0.137989672625231	-0.321771257958066	-0.111095642161749	-0.0752540869638776	0.578692780135967	0.327598378014911	0.829787182257022	0.668489775178611	0.285215045334007	1.05176450502321							
BioLiP/MOAD	strict_scaffold_protein_identity_double_cold	Double cold	phase15_esm2_aft_frozen	Frozen ESM2-AFT	704	1.32119490147451	1.58951747311748	-0.268322571642972	-0.432631238178943	-0.104013905107	-0.399841489234709	-0.136803654051234	-0.438793442311452	-0.0978517009744917	-0.394499877739382	-0.142145265546561	-0.438793442311452	-0.0978517009744917	0.0196713308243801	0.364999989433293	0.129652257439244	0.600347721427342	0.686209185123668	0.342729729743594	1.02968864050374	0.64488636363636	0.57005154159131	0.719721185681411	0.569297072005452	0.720475655267268	0.558824649868752	0.730948077403969
ChEMBL37	overall	Overall	hgb_molecule	HGB ligand only	25436	1.18295634856737	1.17023928282426	0.0127170657431067	-0.0662162465363622	0.0916503780225756	-0.0195926414361799	0.0450267729223933	-0.0122454046829448	0.0376795361691582	-0.0661000614534955	0.0915341929397089	-0.0662162465363622	0.0916503780225755	-0.0811749241056554	-0.207111479356048	-0.433547109792881	0.0193241510807834	0.3726878288555	0.146491836629835	0.598883821081165							
ChEMBL37	overall	Overall	hgb_protein	HGB protein only	25436	1.22404266610878	1.17023928282426	0.0538033832845157	-0.0361081358046681	0.1437149023737	0.0309886312197213	0.0766181353493107	-0.00514526299515969	0.112752029564192	-0.0432113374154562	0.150818103984488	-0.0432113374154565	0.150818103984488	-0.160994950365894	0.0271746747071104	-0.151829109783446	0.206178459197667	0.239774922725402	0.0797277198645111	0.399822125586294							
ChEMBL37	overall	Overall	hgb_fusion_additive	HGB additive fusion	25436	1.151388394743	1.17023928282426	-0.018850888081262	-0.10908458341303	0.0713828072505057	-0.0448007619698876	0.00709898580736369	-0.0695167048026243	0.0318149286401004	-0.114064903277079	0.0763631271145546	-0.114064903277079	0.0763631271145546	0.00426920716629908	0.0462759055785846	-0.130632669029005	0.223184480186174	0.513188368454739	0.306851617495934	0.719525119413543							
ChEMBL37	overall	Overall	hgb_fusion_interaction	HGB interaction fusion	25436	1.14872094091692	1.17023928282426	-0.0215183419073378	-0.118101230486918	0.0750645466722422	-0.0481371109141469	0.00510042709947124	-0.0691685848064787	0.026131900991803	-0.122349612095509	0.0793129282808337	-0.122349612095509	0.0793129282808337	0.00680259606867428	0.0335887433035796	-0.145811661707788	0.212989148314947	0.520655317651292	0.265861719216269	0.775448916086314							
ChEMBL37	overall	Overall	phase15_esm2_aft_frozen	Frozen ESM2-AFT	25436	1.21096410788541	1.17023928282426	0.0407248250611532	-0.0828919658715182	0.164341615993824	0.0131410237370823	0.0683086263852238	-0.0174056400068495	0.0988552901291557	-0.0877594385793541	0.16920908870166	-0.087759438579354	0.16920908870166	-0.105537122806718	0.117551415035171	-0.0939948652713283	0.329097695341671	0.365122574516198	0.192978003366874	0.537267145665522	0.659694920585114	0.638927204658003	0.680462636512225	0.638791502047499	0.680598339122728	0.638791502047499	0.680598339122728
ChEMBL37	drug_cold	Ligand cold	hgb_molecule	HGB ligand only	7378	1.23644465287093	1.25718625973886	-0.0207416068679294	-0.105507031042253	0.0640238173063936	-0.0552787246816727	0.0137955109458135	-0.0697258982822031	0.028242684546344	-0.0961991951274311	0.0547159813915719	-0.105507031042253	0.0640238173063938	-0.118700342719913	-0.47671026019578	-0.751205535455911	-0.202214984935648	0.472113956350516	0.302114821819408	0.642113090881623							
ChEMBL37	drug_cold	Ligand cold	hgb_protein	HGB protein only	7378	1.28276466228399	1.25718625973886	0.0255784025451273	-0.161634494047153	0.212791299137406	-0.0291638800430734	0.0803206851333269	-0.15059898074412	0.201755785834373	-0.19409828984662	0.245255094936873	-0.194098289846619	0.245255094936874	-0.254996539178831	-0.195927146595938	-0.592547899260707	0.20069360606883	0.309007550397158	0.106935686492663	0.511079414301653							
ChEMBL37	drug_cold	Ligand cold	hgb_fusion_additive	HGB additive fusion	7378	1.13775400799476	1.25718625973886	-0.119432251744099	-0.258197066173105	0.0193325626849063	-0.162737480236138	-0.0761270232520601	-0.251674014273918	0.0128095107857193	-0.27938167627077	0.0405171727825716	-0.27938167627077	0.0405171727825714	0.0551048768178055	-0.152503038263727	-0.437483907001226	0.132477830473772	0.628182252986638	0.417994875001747	0.838369630971528							
ChEMBL37	drug_cold	Ligand cold	hgb_fusion_interaction	HGB interaction fusion	7378	1.1356012033529	1.25718625973886	-0.121585056385955	-0.260041013599623	0.0168709008277129	-0.161847073251235	-0.0813230395206747	-0.244412965817401	0.0012428530454906	-0.279111168277749	0.0359410555058384	-0.279111168277749	0.0359410555058381	0.0521625352668341	-0.18831039958922	-0.473576819381018	0.0969560202025769	0.646491429297964	0.412979916860126	0.880002941735803							
ChEMBL37	drug_cold	Ligand cold	phase15_esm2_aft_frozen	Frozen ESM2-AFT	7378	1.23450502025144	1.25718625973886	-0.0226812394874172	-0.186253801670847	0.140891322696012	-0.075636307765213	0.0302738287903788	-0.174885355616851	0.129522876642017	-0.213148155200278	0.167785676225444	-0.213148155200278	0.167785676225444	-0.10594840931002	-0.161449939686468	-0.519053949164783	0.196154069791846	0.409881164745095	0.2413381918697	0.57842413762049	0.658308484684165	0.622513757814185	0.694103211554146	0.625847011947418	0.690769957420913	0.617908026140148	0.698708943228182
ChEMBL37	protein_identity_cold	Target cold	hgb_molecule	HGB ligand only	1802	1.15112328640251	1.06373148092784	0.0873918054746731	-0.164091370320404	0.33887498126975	-0.0666546832909039	0.24143829424025	0.00083461605740745	0.173948994891939	-0.182941188760041	0.357724799709387	-0.182941188760041	0.357724799709387	-0.141651970033756	-0.0470343817486735	-0.358560382229825	0.264491618732477	0.335397638514023	-0.11642225811936	0.787217535147407							
ChEMBL37	protein_identity_cold	Target cold	hgb_protein	HGB protein only	1802	1.15645724048723	1.06373148092784	0.0927257595593923	0.0170075801099559	0.168443939008829	0.0408730274332968	0.144578491685488	0.0351182732598911	0.150333245858893	0.0329212182690461	0.152530300849738	0.0170075801099559	0.168443939008829	-0.126750828949281	0.373616657684138	0.215114507032792	0.532118808335485	0.333333358501601	0.210591451618954	0.456075265384248							
ChEMBL37	protein_identity_cold	Target cold	hgb_fusion_additive	HGB additive fusion	1802	1.13589648163361	1.06373148092784	0.072165000705768	-0.108867600321823	0.253197601733359	-0.0351841632883531	0.179514164699889	0.00395566575816651	0.14037433565337	-0.124566053799396	0.268896055210931	-0.124566053799395	0.268896055210932	-0.0568587478282807	0.268435304989293	-0.0451482654486082	0.582018875427195	0.458412978750014	0.0939154549505524	0.822910502549476							
ChEMBL37	protein_identity_cold	Target cold	hgb_fusion_interaction	HGB interaction fusion	1802	1.14657204336736	1.06373148092784	0.0828405624395225	-0.095156809369676	0.260837934248721	-0.0216623921045621	0.187343516983607	0.0180487498825631	0.147632374996482	-0.110802778138195	0.27648390301724	-0.110802778138195	0.27648390301724	-0.0529639154696306	0.316046525311154	0.0291499795929701	0.602943071029338	0.499312002975843	0.0653219923054528	0.933302013646234							
ChEMBL37	protein_identity_cold	Target cold	phase15_esm2_aft_frozen	Frozen ESM2-AFT	1802	1.24463227656655	1.06373148092784	0.180900795638708	-0.0897768817396148	0.451578473017031	0.0476295370474729	0.314172054229943	0.0666436189552402	0.295157972322176	-0.103318182338714	0.46511977361613	-0.103318182338714	0.46511977361613	-0.237571101435578	0.50741938294991	0.202373830022009	0.81246493587781	0.367650291711297	0.0562476496045984	0.679052933817996	0.639289678135397	0.578811024184263	0.699768332086531	0.589738219206771	0.688841137064023	0.578811024184263	0.699768332086531
ChEMBL37	strict_scaffold_protein_identity_double_cold	Double cold	hgb_molecule	HGB ligand only	15760	1.16961910408637	1.15523640971854	0.0143826943678221	-0.0432963496537966	0.0720617383894409	-0.0240594332038373	0.0528248219394816	-0.00952085361317206	0.0382862423488163	-0.0433861499865347	0.072151538722179	-0.0433861499865348	0.0721515387221789	-0.0760954694709741	-0.116981140727939	-0.364278615588685	0.130316334132807	0.339756818392905	0.1276508328789	0.55186280390691							
ChEMBL37	strict_scaffold_protein_identity_double_cold	Double cold	hgb_protein	HGB protein only	15760	1.20866840692042	1.15523640971854	0.0534319972018734	0.00958803996582313	0.0972759544379246	0.0349981704315522	0.0718658239721956	0.0181460068256616	0.0887179875780861	0.00609749719701418	0.100766497206734	0.0060974971970137	0.100766497206733	-0.133309502406788	0.073471224738785	-0.0358909527167369	0.182833402194307	0.101806174276987	-0.0722523895143382	0.275864738068313							
ChEMBL37	strict_scaffold_protein_identity_double_cold	Double cold	hgb_fusion_additive	HGB additive fusion	15760	1.16604322335476	1.15523640971854	0.0108068136362115	-0.0427611180861702	0.0643747453585932	-0.013401852415464	0.0350154796878871	-0.0197876559716927	0.0414012832441157	-0.0435953238432701	0.0652089511156932	-0.0435953238432702	0.0652089511156931	-0.0326780554636623	0.099055491980275	-0.0134718534595157	0.211582837420067	0.418399351736897	0.214511266853746	0.622287436620048							
ChEMBL37	strict_scaffold_protein_identity_double_cold	Double cold	hgb_fusion_interaction	HGB interaction fusion	15760	1.16131824719202	1.15523640971854	0.00608183747347806	-0.0535634103198514	0.0657270852668076	-0.0192149490395955	0.0313786239865517	-0.023078632193357	0.0352423071403132	-0.0546203647590423	0.0667840397059985	-0.0546203647590423	0.0667840397059984	-0.0269740715177098	0.0894608202578397	-0.0222981292568577	0.201219769772538	0.421672388875859	0.174245462833278	0.66909931491844							
ChEMBL37	strict_scaffold_protein_identity_double_cold	Double cold	phase15_esm2_aft_frozen	Frozen ESM2-AFT	15760	1.2004264776582	1.15523640971854	0.0451900679396585	-0.0363000582791838	0.1266801941585	0.0203035836827181	0.0700765521965985	0.00242831639605059	0.087951819483266	-0.0388326006314593	0.129212736510776	-0.0388326006314592	0.129212736510776	-0.107055306811056	0.183273455173709	0.0684462863275246	0.298100624019894	0.343528737343363	0.170324971679961	0.516732503006765	0.660723350253987	0.638079970160425	0.68336673034755	0.636879699085123	0.684567001422852	0.636879699085123	0.684567001422852
