sensitivity	category	model_id	nonabstained_pairs	exact_proteins	eligible_within_target_groups	source_wide_spearman	within_target_centered_spearman	within_target_pairwise_concordance	target_rank_attenuation
strict_publication_and_entry_post_2024	locked_temporal	global_top5_morgan_similarity_v1_8	1915	133	87	0.19486300890129538	0.013436897391218549	0.5089570416103358	0.18142611151007682
strict_publication_and_entry_post_2024	locked_temporal	hgb_fusion_additive_pre2018_v1_8	1915	133	87	0.1842234257658616	0.061017020963869316	0.5169926265369831	0.12320640480199227
strict_publication_and_entry_post_2024	locked_temporal	ligand_mpnn_frozen_esm2_v1_8	1915	133	87	0.15991636624746555	0.17312570800735777	0.5436834787369694	-0.013209341759892218
strict_publication_and_entry_post_2024	locked_temporal	smiles_protein_cross_attention_v1_8	1915	133	87	0.12438131383467907	0.14407049924679766	0.5286786706434387	-0.019689185412118587
exclude_exact_10000_nm	locked_endpoint	global_top5_morgan_similarity_v1_8	2686	338	126	0.17433283469496358	0.03157472709794715	0.5034918072067734	0.14275810759701643
exclude_exact_10000_nm	locked_endpoint	hgb_fusion_additive_pre2018_v1_8	2686	338	126	0.26726258826225546	0.12157741375404604	0.5403301985693599	0.14568517450820942
exclude_exact_10000_nm	locked_endpoint	ligand_mpnn_frozen_esm2_v1_8	2686	338	126	0.2162635105234228	0.15596358281353176	0.5276286973817205	0.06029992770989104
exclude_exact_10000_nm	locked_endpoint	smiles_protein_cross_attention_v1_8	2686	338	126	0.20945330428338996	0.20598367525397795	0.5478223032761506	0.0034696290294120025
single_measurement_pairs	locked_measurement	global_top5_morgan_similarity_v1_8	2474	326	120	0.17021694695028863	0.022887210500130938	0.5015619983998354	0.1473297364501577
single_measurement_pairs	locked_measurement	hgb_fusion_additive_pre2018_v1_8	2474	326	120	0.2547135758249617	0.10927733432513372	0.5348752922976251	0.14543624149982798
single_measurement_pairs	locked_measurement	ligand_mpnn_frozen_esm2_v1_8	2474	326	120	0.22237641437013486	0.1401204847423651	0.5226672103920087	0.08225592962776976
single_measurement_pairs	locked_measurement	smiles_protein_cross_attention_v1_8	2474	326	120	0.20515454090496135	0.1864991882025096	0.5436909513572918	0.01865535270245175
replicated_pairs	locked_measurement	global_top5_morgan_similarity_v1_8	215	72	11	0.1565483788718943	0.3279643978216063	0.6049193231011413	-0.171416018949712
replicated_pairs	locked_measurement	hgb_fusion_additive_pre2018_v1_8	215	72	11	0.4047262146896469	0.2495960055988844	0.6313459268004723	0.15513020909076253
replicated_pairs	locked_measurement	ligand_mpnn_frozen_esm2_v1_8	215	72	11	0.029311638171239288	0.1481079223789566	0.5300144300144299	-0.1187962842077173
replicated_pairs	locked_measurement	smiles_protein_cross_attention_v1_8	215	72	11	0.21899889506528558	0.32616503701206273	0.6178997769906861	-0.10716614194677715
source_origin__strict_dual_timestamp_patent	mandatory_source_origin	global_top5_morgan_similarity_v1_8	841	67	46	0.2553663680614098	0.03552747906994636	0.49673659270908765	0.21983888899146342
source_origin__strict_dual_timestamp_patent	mandatory_source_origin	hgb_fusion_additive_pre2018_v1_8	841	67	46	0.031362447033523214	0.021969621624951242	0.5072766799371643	0.009392825408571972
source_origin__strict_dual_timestamp_patent	mandatory_source_origin	ligand_mpnn_frozen_esm2_v1_8	841	67	46	0.0371797242011917	0.16185635689538222	0.5421645431959783	-0.12467663269419052
source_origin__strict_dual_timestamp_patent	mandatory_source_origin	smiles_protein_cross_attention_v1_8	841	67	46	0.2714957293057367	0.1749802285370068	0.5115472254728943	0.09651550076872989
leave_one_origin_out__strict_dual_timestamp_patent	mandatory_leave_one_origin_out	global_top5_morgan_similarity_v1_8	1848	298	83	0.1448035454732561	-0.011499575807349626	0.5006303657539217	0.15630312128060572
leave_one_origin_out__strict_dual_timestamp_patent	mandatory_leave_one_origin_out	hgb_fusion_additive_pre2018_v1_8	1848	298	83	0.33737048914435386	0.11145843626753962	0.5479411337109547	0.22591205287681423
leave_one_origin_out__strict_dual_timestamp_patent	mandatory_leave_one_origin_out	ligand_mpnn_frozen_esm2_v1_8	1848	298	83	0.30765430159513857	0.1256125816789143	0.5101606330247543	0.18204171991622428
leave_one_origin_out__strict_dual_timestamp_patent	mandatory_leave_one_origin_out	smiles_protein_cross_attention_v1_8	1848	298	83	0.19302188538598616	0.16488628193375396	0.5466871803676752	0.028135603452232205
source_origin__database_entry_patent	mandatory_source_origin	global_top5_morgan_similarity_v1_8	768	66	42	0.1888398880002878	0.0011054149323351011	0.5220955721106273	0.1877344730679527
source_origin__database_entry_patent	mandatory_source_origin	hgb_fusion_additive_pre2018_v1_8	768	66	42	0.33107282297191687	0.11208192507765645	0.532091191698197	0.2189908978942604
source_origin__database_entry_patent	mandatory_source_origin	ligand_mpnn_frozen_esm2_v1_8	768	66	42	0.2703869284787565	0.17845846640782978	0.5595891256675787	0.09192846207092673
source_origin__database_entry_patent	mandatory_source_origin	smiles_protein_cross_attention_v1_8	768	66	42	0.15803335514012815	0.1432805040433914	0.5529962870374759	0.014752851096736741
leave_one_origin_out__database_entry_patent	mandatory_leave_one_origin_out	global_top5_morgan_similarity_v1_8	1921	297	97	0.16716521153542807	0.050319034775606265	0.49665987729017597	0.11684617675982181
leave_one_origin_out__database_entry_patent	mandatory_leave_one_origin_out	hgb_fusion_additive_pre2018_v1_8	1921	297	97	0.24535094882155623	0.12779292802880332	0.5448618249923909	0.1175580207927529
leave_one_origin_out__database_entry_patent	mandatory_leave_one_origin_out	ligand_mpnn_frozen_esm2_v1_8	1921	297	97	0.19017544583764528	0.13860052063578093	0.512009225673779	0.05157492520186435
leave_one_origin_out__database_entry_patent	mandatory_leave_one_origin_out	smiles_protein_cross_attention_v1_8	1921	297	97	0.22008090889852214	0.22400708699360464	0.5311386615943523	-0.0039261780950825
source_origin__database_entry_residual_patent	mandatory_source_origin	global_top5_morgan_similarity_v1_8	330	19	16	0.07843086962155435	0.02786138057501443	0.5211226300915588	0.05056948904653992
source_origin__database_entry_residual_patent	mandatory_source_origin	hgb_fusion_additive_pre2018_v1_8	330	19	16	0.08846743791293703	0.048673915106276125	0.5330219478253919	0.0397935228066609
source_origin__database_entry_residual_patent	mandatory_source_origin	ligand_mpnn_frozen_esm2_v1_8	330	19	16	0.3606198691557046	0.1449212907045704	0.5231887894717622	0.2156985784511342
source_origin__database_entry_residual_patent	mandatory_source_origin	smiles_protein_cross_attention_v1_8	330	19	16	-0.37798236661870777	0.04592555499819225	0.4816934647900403	-0.4239079216169
leave_one_origin_out__database_entry_residual_patent	mandatory_leave_one_origin_out	global_top5_morgan_similarity_v1_8	2359	340	125	0.17870536211495308	0.03435001171483986	0.5030474547136021	0.1443553504001132
leave_one_origin_out__database_entry_residual_patent	mandatory_leave_one_origin_out	hgb_fusion_additive_pre2018_v1_8	2359	340	125	0.2620656396553738	0.13722772696954233	0.5427723679668	0.1248379126858315
leave_one_origin_out__database_entry_residual_patent	mandatory_leave_one_origin_out	ligand_mpnn_frozen_esm2_v1_8	2359	340	125	0.2039303111157773	0.15079711916421987	0.5313842223460555	0.05313319195155744
leave_one_origin_out__database_entry_residual_patent	mandatory_leave_one_origin_out	smiles_protein_cross_attention_v1_8	2359	340	125	0.25887863184891136	0.2251751901667425	0.5485727356478295	0.03370344168216885
source_origin__database_entry_chembl_import	mandatory_source_origin	global_top5_morgan_similarity_v1_8	750	235	40	0.04719468314844273	-0.04708184707107078	0.47703170576053894	0.09427653021951352
source_origin__database_entry_chembl_import	mandatory_source_origin	hgb_fusion_additive_pre2018_v1_8	750	235	40	0.23239582633917077	0.18184009561677175	0.5723183903413507	0.05055573072239902
source_origin__database_entry_chembl_import	mandatory_source_origin	ligand_mpnn_frozen_esm2_v1_8	750	235	40	0.17767014608752038	-0.01804621842233694	0.4705918022296629	0.19571636450985733
source_origin__database_entry_chembl_import	mandatory_source_origin	smiles_protein_cross_attention_v1_8	750	235	40	0.19714834309239246	0.25809283234748	0.5421081597363359	-0.060944489255087525
leave_one_origin_out__database_entry_chembl_import	mandatory_leave_one_origin_out	global_top5_morgan_similarity_v1_8	1939	130	91	0.19851204291842084	0.015653709984046908	0.5124423524515458	0.18285833293437392
leave_one_origin_out__database_entry_chembl_import	mandatory_leave_one_origin_out	hgb_fusion_additive_pre2018_v1_8	1939	130	91	0.18959199210907848	0.06446297937753438	0.518938609382115	0.1251290127315441
leave_one_origin_out__database_entry_chembl_import	mandatory_leave_one_origin_out	ligand_mpnn_frozen_esm2_v1_8	1939	130	91	0.14428383317240442	0.1743937911104594	0.5517211945745318	-0.030109957938054988
leave_one_origin_out__database_entry_chembl_import	mandatory_leave_one_origin_out	smiles_protein_cross_attention_v1_8	1939	130	91	0.12354383570312709	0.14747834997306783	0.5360610140932648	-0.02393451426994074
nested_document_cap__10	locked_document_balance	global_top5_morgan_similarity_v1_8	1535	307	100	0.14988875164479729	0.06670033528552538	0.5163262609485686	0.0831884163592719
nested_document_cap__10	locked_document_balance	hgb_fusion_additive_pre2018_v1_8	1535	307	100	0.2715941852564565	0.15997178777583484	0.5513789988962465	0.11162239748062167
nested_document_cap__10	locked_document_balance	ligand_mpnn_frozen_esm2_v1_8	1535	307	100	0.19623925713123552	0.1616420869284786	0.5316836350508876	0.03459717020275693
nested_document_cap__10	locked_document_balance	smiles_protein_cross_attention_v1_8	1535	307	100	0.24537120528742404	0.20923058857161303	0.5510606897309387	0.03614061671581101
nested_document_cap__15	locked_document_balance	global_top5_morgan_similarity_v1_8	1990	320	116	0.15916971433486155	0.03494367906653318	0.5002053497119611	0.12422603526832837
nested_document_cap__15	locked_document_balance	hgb_fusion_additive_pre2018_v1_8	1990	320	116	0.2798290819470331	0.1580302912846204	0.5421491928054814	0.1217987906624127
nested_document_cap__15	locked_document_balance	ligand_mpnn_frozen_esm2_v1_8	1990	320	116	0.2039018534873625	0.1611942111392761	0.5322304183133536	0.04270764234808641
nested_document_cap__15	locked_document_balance	smiles_protein_cross_attention_v1_8	1990	320	116	0.22713047909128992	0.22266877907293817	0.5533629495102113	0.00446170001835175
nested_document_cap__20	locked_document_balance	global_top5_morgan_similarity_v1_8	2364	331	124	0.17485471802371658	0.03231742430403529	0.5048282899161985	0.1425372937196813
nested_document_cap__20	locked_document_balance	hgb_fusion_additive_pre2018_v1_8	2364	331	124	0.2799404254855989	0.14532494227965687	0.54579181784677	0.13461548320594202
nested_document_cap__20	locked_document_balance	ligand_mpnn_frozen_esm2_v1_8	2364	331	124	0.20686649998669177	0.15701905464561106	0.5271475664310736	0.04984744534108071
nested_document_cap__20	locked_document_balance	smiles_protein_cross_attention_v1_8	2364	331	124	0.21757452123194262	0.21184657858110914	0.54956514927128	0.005727942650833484
publication_to_entry_lag__0_90_days	locked_lag	global_top5_morgan_similarity_v1_8	270	21	15	0.22700419861820284	-0.029315656605430278	0.4928712575510605	0.2563198552236331
publication_to_entry_lag__0_90_days	locked_lag	hgb_fusion_additive_pre2018_v1_8	270	21	15	0.23815958597062464	-0.03872295994291391	0.4806558901780577	0.27688254591353856
publication_to_entry_lag__0_90_days	locked_lag	ligand_mpnn_frozen_esm2_v1_8	270	21	15	0.07515585039387727	0.16278340366620336	0.5443415054203231	-0.08762755327232609
publication_to_entry_lag__0_90_days	locked_lag	smiles_protein_cross_attention_v1_8	270	21	15	0.39316105028498927	0.09861017139503533	0.4712086167800454	0.2945508788899539
publication_to_entry_lag__91_365_days	locked_lag	global_top5_morgan_similarity_v1_8	1663	126	77	0.17388272099375815	-0.0010917080889532858	0.5079207048877924	0.17497442908271144
publication_to_entry_lag__91_365_days	locked_lag	hgb_fusion_additive_pre2018_v1_8	1663	126	77	0.1832554451316453	0.08266064490401161	0.5192776652401532	0.10059480022763369
publication_to_entry_lag__91_365_days	locked_lag	ligand_mpnn_frozen_esm2_v1_8	1663	126	77	0.15783494633962658	0.18229149815606369	0.540438853380899	-0.024456551816437105
publication_to_entry_lag__91_365_days	locked_lag	smiles_protein_cross_attention_v1_8	1663	126	77	0.08948674559122377	0.14155452304464988	0.5427136535680764	-0.05206777745342611
publication_to_entry_lag__over_365_days	locked_lag	global_top5_morgan_similarity_v1_8	365	92	21	-0.006923845787685226	-0.12286580448977152	0.44092316371441514	0.1159419587020863
publication_to_entry_lag__over_365_days	locked_lag	hgb_fusion_additive_pre2018_v1_8	365	92	21	0.18774211076312508	0.12176351438060268	0.5508814534155645	0.0659785963825224
publication_to_entry_lag__over_365_days	locked_lag	ligand_mpnn_frozen_esm2_v1_8	365	92	21	0.23579171921244974	-0.07629403935565635	0.4651669316176139	0.31208575856810605
publication_to_entry_lag__over_365_days	locked_lag	smiles_protein_cross_attention_v1_8	365	92	21	0.21323861253532944	0.1964370796282597	0.5416957284912385	0.016801532907069733
publication_to_entry_lag__unknown_or_negative	locked_lag	global_top5_morgan_similarity_v1_8	391	153	20	0.10113086959828842	0.1414537080204334	0.5487866908919541	-0.04032283842214497
publication_to_entry_lag__unknown_or_negative	locked_lag	hgb_fusion_additive_pre2018_v1_8	391	153	20	0.25623532692482215	0.2312838600089605	0.5859301663249031	0.024951466915861642
publication_to_entry_lag__unknown_or_negative	locked_lag	ligand_mpnn_frozen_esm2_v1_8	391	153	20	0.10357978282831386	0.07940735168500039	0.5097153528732475	0.024172431143313466
publication_to_entry_lag__unknown_or_negative	locked_lag	smiles_protein_cross_attention_v1_8	391	153	20	0.20046982590533863	0.3068243514575598	0.5479757961336909	-0.10635452555222119
