requested_label_budget	calibration_n	calibration_document_components	test_n	half_width	test_coverage	replicate	source
50	50	10	1332	2.30319330870956	0.83033033033033	1	BioLiP/MOAD
50	52	24	1330	2.4372429894397	0.854887218045113	2	BioLiP/MOAD
50	53	22	1329	2.54616394171161	0.870579382994733	3	BioLiP/MOAD
50	53	19	1329	3.74550872095596	0.981941309255079	4	BioLiP/MOAD
50	50	17	1332	2.80821915299955	0.908408408408408	5	BioLiP/MOAD
50	50	22	1332	3.22430222616159	0.951201201201201	6	BioLiP/MOAD
50	56	21	1326	3.33454400433602	0.956259426847662	7	BioLiP/MOAD
50	63	16	1319	1.99130150510331	0.769522365428355	8	BioLiP/MOAD
50	51	27	1331	2.31872440870956	0.837716003005259	9	BioLiP/MOAD
50	50	19	1332	2.28917577351558	0.827327327327327	10	BioLiP/MOAD
50	52	25	1330	2.3156479608526	0.834586466165414	11	BioLiP/MOAD
50	52	23	1330	2.88732498265593	0.918045112781955	12	BioLiP/MOAD
50	50	27	1332	1.7875501910135	0.721471471471472	13	BioLiP/MOAD
50	50	21	1332	2.88839848265592	0.918918918918919	14	BioLiP/MOAD
50	54	17	1328	2.73560947334919	0.897590361445783	15	BioLiP/MOAD
50	50	9	1332	3.33454400433602	0.956456456456456	16	BioLiP/MOAD
50	57	22	1325	3.13849690269048	0.944905660377358	17	BioLiP/MOAD
50	50	19	1332	1.87145768082221	0.747747747747748	18	BioLiP/MOAD
50	51	23	1331	3.93770628000241	0.987978963185575	19	BioLiP/MOAD
50	82	20	1300	2.41461825905568	0.852307692307692	20	BioLiP/MOAD
50	50	13	1332	3.17816549073726	0.948948948948949	21	BioLiP/MOAD
50	56	11	1326	2.02817743134222	0.774509803921569	22	BioLiP/MOAD
50	50	16	1332	2.88069773860226	0.917417417417417	23	BioLiP/MOAD
50	50	19	1332	2.55534650210104	0.872372372372372	24	BioLiP/MOAD
50	50	20	1332	2.55846205395238	0.873123123123123	25	BioLiP/MOAD
50	50	14	1332	2.66230841734408	0.887387387387387	26	BioLiP/MOAD
50	50	28	1332	3.18313034797082	0.9496996996997	27	BioLiP/MOAD
50	50	22	1332	2.85792077768521	0.912912912912913	28	BioLiP/MOAD
50	52	24	1330	2.99636625038364	0.929323308270677	29	BioLiP/MOAD
50	51	33	1331	2.93941001136252	0.924117205108941	30	BioLiP/MOAD
50	61	21	1321	2.79003864797082	0.903860711582135	31	BioLiP/MOAD
50	52	25	1330	2.31872440870956	0.837593984962406	32	BioLiP/MOAD
50	50	28	1332	2.53050930867204	0.867867867867868	33	BioLiP/MOAD
50	57	17	1325	2.67357997831991	0.887547169811321	34	BioLiP/MOAD
50	50	19	1332	3.60443103134222	0.967717717717718	35	BioLiP/MOAD
50	51	23	1331	2.66230841734408	0.887302779864763	36	BioLiP/MOAD
50	50	17	1332	1.85954946445813	0.744744744744745	37	BioLiP/MOAD
50	51	24	1331	3.93770628000241	0.987978963185575	38	BioLiP/MOAD
50	50	23	1332	2.63039304001426	0.883633633633634	39	BioLiP/MOAD
50	50	15	1332	3.42979608002851	0.958708708708709	40	BioLiP/MOAD
50	61	25	1321	2.28917577351558	0.82664647993944	41	BioLiP/MOAD
50	50	13	1332	2.88069773860226	0.917417417417417	42	BioLiP/MOAD
50	51	21	1331	3.06521963461181	0.937640871525169	43	BioLiP/MOAD
50	50	22	1332	2.44437062571429	0.857357357357357	44	BioLiP/MOAD
50	51	20	1331	3.57762207862173	0.965439519158527	45	BioLiP/MOAD
50	52	20	1330	3.04858981811136	0.935338345864662	46	BioLiP/MOAD
50	61	25	1321	2.31872440870956	0.837244511733535	47	BioLiP/MOAD
50	55	21	1327	3.58564336208679	0.966842501883949	48	BioLiP/MOAD
50	51	20	1331	2.93932249559384	0.923365890308039	49	BioLiP/MOAD
50	53	22	1329	2.23202930867204	0.81188863807374	50	BioLiP/MOAD
50	55	17	1327	3.74550872095596	0.981914091936699	51	BioLiP/MOAD
50	50	20	1332	1.86062388622466	0.745495495495496	52	BioLiP/MOAD
50	51	28	1331	2.33053401300806	0.839218632607062	53	BioLiP/MOAD
50	58	24	1324	3.42668853567824	0.957703927492447	54	BioLiP/MOAD
50	51	23	1331	3.06521963461181	0.937640871525169	55	BioLiP/MOAD
50	50	19	1332	1.83177099702989	0.731231231231231	56	BioLiP/MOAD
50	51	28	1331	3.43809873987789	0.959429000751315	57	BioLiP/MOAD
50	51	17	1331	2.30022883601759	0.829451540195342	58	BioLiP/MOAD
50	55	21	1327	2.88732498265593	0.917859834212509	59	BioLiP/MOAD
50	50	21	1332	2.78893959132796	0.903153153153153	60	BioLiP/MOAD
50	51	25	1331	2.73560947334919	0.897821187077386	61	BioLiP/MOAD
50	53	22	1329	2.17073267831991	0.801354401805869	62	BioLiP/MOAD
50	52	10	1330	3.22430222616159	0.951127819548872	63	BioLiP/MOAD
50	51	19	1331	2.46590602517248	0.860255447032307	64	BioLiP/MOAD
50	51	21	1331	3.66230841734408	0.970698722764839	65	BioLiP/MOAD
50	63	14	1319	1.81752856262441	0.724791508718726	66	BioLiP/MOAD
50	52	24	1330	3.42668853567824	0.957894736842105	67	BioLiP/MOAD
50	64	15	1318	2.13422269107526	0.793626707132018	68	BioLiP/MOAD
50	52	14	1330	3.66230841734408	0.970676691729323	69	BioLiP/MOAD
50	50	22	1332	3.07065849056067	0.938438438438438	70	BioLiP/MOAD
50	51	22	1331	2.1601940437465	0.800901577761082	71	BioLiP/MOAD
50	51	19	1331	2.80433049132796	0.906085649887303	72	BioLiP/MOAD
50	50	22	1332	2.78893959132796	0.903153153153153	73	BioLiP/MOAD
50	50	24	1332	3.66230841734408	0.970720720720721	74	BioLiP/MOAD
50	52	10	1330	2.57178270433602	0.875187969924812	75	BioLiP/MOAD
50	52	23	1330	3.71917699356294	0.978947368421053	76	BioLiP/MOAD
50	50	16	1332	2.51063699566398	0.866366366366366	77	BioLiP/MOAD
50	73	13	1309	3.75612775548695	0.983957219251337	78	BioLiP/MOAD
50	50	18	1332	2.80461439566398	0.906906906906907	79	BioLiP/MOAD
50	50	25	1332	3.58551907862173	0.966216216216216	80	BioLiP/MOAD
50	51	23	1331	2.73560947334919	0.897821187077386	81	BioLiP/MOAD
50	53	11	1329	3.93770628000241	0.987960872836719	82	BioLiP/MOAD
50	51	24	1331	2.8395270436348	0.909842223891811	83	BioLiP/MOAD
50	51	22	1331	2.53928214979421	0.869271224643125	84	BioLiP/MOAD
50	52	19	1330	2.99636625038364	0.929323308270677	85	BioLiP/MOAD
50	50	24	1332	1.78555030433602	0.718468468468469	86	BioLiP/MOAD
50	60	10	1322	3.68913512095596	0.97428139183056	87	BioLiP/MOAD
50	52	19	1330	3.66230841734408	0.970676691729323	88	BioLiP/MOAD
50	51	23	1331	3.98040188000241	0.99023290758828	89	BioLiP/MOAD
50	51	9	1331	2.09855224681491	0.787377911344854	90	BioLiP/MOAD
50	51	13	1331	3.97859928000241	0.989481592787378	91	BioLiP/MOAD
50	50	17	1332	2.11704520867204	0.790540540540541	92	BioLiP/MOAD
50	51	26	1331	2.43390937378264	0.854244928625094	93	BioLiP/MOAD
50	51	26	1331	2.18636343134222	0.803906836964688	94	BioLiP/MOAD
50	50	25	1332	2.67357997831991	0.888138138138138	95	BioLiP/MOAD
50	54	11	1328	2.54254749566398	0.869728915662651	96	BioLiP/MOAD
50	50	5	1332	1.46110619789896	0.633633633633634	97	BioLiP/MOAD
50	54	6	1328	1.78658146445813	0.718373493975904	98	BioLiP/MOAD
50	51	17	1331	2.71251256715641	0.894064613072878	99	BioLiP/MOAD
50	72	17	1310	1.85429025038364	0.73587786259542	100	BioLiP/MOAD
100	101	51	1281	3.13456159073726	0.946135831381733	1	BioLiP/MOAD
100	101	50	1281	3.2790534645199	0.956284153005464	2	BioLiP/MOAD
100	133	40	1249	2.4923037519523	0.860688550840673	3	BioLiP/MOAD
100	101	47	1281	2.77541030006794	0.900858704137393	4	BioLiP/MOAD
100	101	26	1281	2.30022883601759	0.826697892271663	5	BioLiP/MOAD
100	100	44	1282	2.56506608640124	0.872854914196568	6	BioLiP/MOAD
100	101	30	1281	2.93009548265592	0.923497267759563	7	BioLiP/MOAD
100	100	43	1282	2.44437062571429	0.855694227769111	8	BioLiP/MOAD
100	101	28	1281	2.90129746398241	0.921155347384856	9	BioLiP/MOAD
100	101	31	1281	3.74550872095596	0.985167837626854	10	BioLiP/MOAD
100	101	39	1281	2.50181109383427	0.863387978142077	11	BioLiP/MOAD
100	104	45	1278	2.88732498265593	0.918622848200313	12	BioLiP/MOAD
100	132	38	1250	2.63039304001426	0.8824	13	BioLiP/MOAD
100	121	52	1261	2.47599983501077	0.858842188739096	14	BioLiP/MOAD
100	100	36	1282	2.80821915299955	0.908736349453978	15	BioLiP/MOAD
100	101	19	1281	2.15014803567824	0.793130366900859	16	BioLiP/MOAD
100	100	45	1282	3.66230841734408	0.973478939157566	17	BioLiP/MOAD
100	100	40	1282	2.63039304001426	0.882995319812793	18	BioLiP/MOAD
100	102	46	1280	2.44502275828839	0.85625	19	BioLiP/MOAD
100	100	39	1282	2.85898799087441	0.914196567862714	20	BioLiP/MOAD
100	100	45	1282	2.3737291729938	0.846333853354134	21	BioLiP/MOAD
100	104	41	1278	2.62796279056068	0.881846635367762	22	BioLiP/MOAD
100	102	42	1280	2.6900273929735	0.8890625	23	BioLiP/MOAD
100	103	26	1279	2.49723269383427	0.862392494136044	24	BioLiP/MOAD
100	133	40	1249	2.3408279398819	0.838270616493195	25	BioLiP/MOAD
100	101	38	1281	3.2790534645199	0.956284153005464	26	BioLiP/MOAD
100	103	48	1279	2.67357997831991	0.887412040656763	27	BioLiP/MOAD
100	100	46	1282	2.60082414979421	0.879095163806552	28	BioLiP/MOAD
100	102	45	1280	2.93932249559384	0.92421875	29	BioLiP/MOAD
100	100	30	1282	2.19180343284359	0.801092043681747	30	BioLiP/MOAD
100	100	44	1282	2.50213748640124	0.864274570982839	31	BioLiP/MOAD
100	101	30	1281	2.25216399566398	0.813427010148322	32	BioLiP/MOAD
100	102	31	1280	3.5522058581584	0.9640625	33	BioLiP/MOAD
100	101	38	1281	2.97808523461181	0.929742388758782	34	BioLiP/MOAD
100	100	35	1282	2.61176103791321	0.880655226209048	35	BioLiP/MOAD
100	100	43	1282	2.45403671650445	0.857254290171607	36	BioLiP/MOAD
100	100	41	1282	2.6900273929735	0.889235569422777	37	BioLiP/MOAD
100	103	24	1279	2.33394940867204	0.837372947615324	38	BioLiP/MOAD
100	101	43	1281	3.18313034797082	0.95160031225605	39	BioLiP/MOAD
100	102	39	1280	2.690964724067	0.88984375	40	BioLiP/MOAD
100	102	35	1280	2.35337845557959	0.84140625	41	BioLiP/MOAD
100	101	32	1281	2.37866476696043	0.846994535519126	42	BioLiP/MOAD
100	102	45	1280	3.55636735230684	0.96484375	43	BioLiP/MOAD
100	109	44	1273	3.03217659906994	0.936370777690495	44	BioLiP/MOAD
100	102	50	1280	2.56506608640124	0.87265625	45	BioLiP/MOAD
100	102	58	1280	2.8468798436348	0.9109375	46	BioLiP/MOAD
100	100	29	1282	3.34655093987789	0.959438377535101	47	BioLiP/MOAD
100	102	34	1280	3.48828324604762	0.9625	48	BioLiP/MOAD
100	105	33	1277	2.56506608640124	0.872357086922475	49	BioLiP/MOAD
100	104	44	1278	3.16768791270624	0.949139280125196	50	BioLiP/MOAD
100	102	43	1280	2.7789492291703	0.90234375	51	BioLiP/MOAD
100	104	38	1278	2.3737291729938	0.84585289514867	52	BioLiP/MOAD
100	109	30	1273	3.17816549073726	0.951296150824823	53	BioLiP/MOAD
100	107	53	1275	3.71786766964787	0.981176470588235	54	BioLiP/MOAD
100	100	31	1282	2.15942399566398	0.796411856474259	55	BioLiP/MOAD
100	100	27	1282	3.0197241	0.933697347893916	56	BioLiP/MOAD
100	100	46	1282	3.13849690269048	0.946957878315133	57	BioLiP/MOAD
100	102	31	1280	2.4923037519523	0.86171875	58	BioLiP/MOAD
100	100	26	1282	3.55636735230684	0.964898595943838	59	BioLiP/MOAD
100	102	37	1280	2.53741535230684	0.8671875	60	BioLiP/MOAD
100	103	44	1279	3.25468072784983	0.954652071931196	61	BioLiP/MOAD
100	100	29	1282	2.43920192571429	0.854134165366615	62	BioLiP/MOAD
100	100	38	1282	3.34655093987789	0.959438377535101	63	BioLiP/MOAD
100	102	25	1280	2.51063699566398	0.86484375	64	BioLiP/MOAD
100	102	37	1280	2.34313068898591	0.840625	65	BioLiP/MOAD
100	102	46	1280	3.14765511899528	0.94765625	66	BioLiP/MOAD
100	100	44	1282	3.57762207862173	0.96801872074883	67	BioLiP/MOAD
100	100	44	1282	2.73524157768521	0.896255850234009	68	BioLiP/MOAD
100	102	36	1280	3.25468072784983	0.9546875	69	BioLiP/MOAD
100	102	45	1280	3.2587574645199	0.95546875	70	BioLiP/MOAD
100	113	39	1269	3.34655093987789	0.959810874704492	71	BioLiP/MOAD
100	102	40	1280	2.88069773860226	0.91796875	72	BioLiP/MOAD
100	101	33	1281	2.80461439566398	0.907103825136612	73	BioLiP/MOAD
100	101	29	1281	2.46286704945358	0.85792349726776	74	BioLiP/MOAD
100	100	50	1282	2.7789492291703	0.902496099843994	75	BioLiP/MOAD
100	100	15	1282	2.72166277768521	0.894695787831513	76	BioLiP/MOAD
100	100	37	1282	2.53050930867204	0.866614664586584	77	BioLiP/MOAD
100	101	37	1281	2.22161278969277	0.804839968774395	78	BioLiP/MOAD
100	100	46	1282	2.31064734797082	0.830733229329173	79	BioLiP/MOAD
100	100	31	1282	2.29817083601759	0.826053042121685	80	BioLiP/MOAD
100	117	31	1265	2.23126804797082	0.805533596837945	81	BioLiP/MOAD
100	132	34	1250	2.57178270433602	0.8736	82	BioLiP/MOAD
100	101	33	1281	2.73524157768521	0.896174863387978	83	BioLiP/MOAD
100	110	44	1272	2.85903923584101	0.915094339622642	84	BioLiP/MOAD
100	100	47	1282	2.76961600867204	0.90015600624025	85	BioLiP/MOAD
100	104	32	1278	2.80632365299955	0.907668231611894	86	BioLiP/MOAD
100	100	27	1282	3.74100829565576	0.983619344773791	87	BioLiP/MOAD
100	133	37	1249	2.37366916398241	0.843875100080064	88	BioLiP/MOAD
100	101	41	1281	3.57762207862173	0.967993754879001	89	BioLiP/MOAD
100	100	34	1282	2.97808523461181	0.929797191887675	90	BioLiP/MOAD
100	102	29	1280	2.36216741395112	0.84296875	91	BioLiP/MOAD
100	139	44	1243	2.56506608640124	0.872083668543846	92	BioLiP/MOAD
100	101	38	1281	2.78893959132796	0.9032006245121	93	BioLiP/MOAD
100	103	60	1279	3.57762207862173	0.967943706020328	94	BioLiP/MOAD
100	120	37	1262	2.33394940867204	0.836767036450079	95	BioLiP/MOAD
100	100	39	1282	2.49723269383427	0.862714508580343	96	BioLiP/MOAD
100	100	38	1282	2.12773875230684	0.789391575663027	97	BioLiP/MOAD
100	102	46	1280	3.06521963461181	0.9390625	98	BioLiP/MOAD
100	103	43	1279	2.54616394171161	0.869429241594996	99	BioLiP/MOAD
100	101	38	1281	2.86954574528034	0.915690866510539	100	BioLiP/MOAD
250	250	95	1132	2.52501524604762	0.8613074204947	1	BioLiP/MOAD
250	251	103	1131	2.8468798436348	0.912466843501326	2	BioLiP/MOAD
250	251	113	1131	2.85903923584101	0.916887709991158	3	BioLiP/MOAD
250	250	90	1132	2.83683396964787	0.910777385159011	4	BioLiP/MOAD
250	250	86	1132	2.73524157768521	0.895759717314488	5	BioLiP/MOAD
250	257	74	1125	2.62269934797082	0.878222222222222	6	BioLiP/MOAD
250	251	105	1131	2.85792077768521	0.915119363395226	7	BioLiP/MOAD
250	251	102	1131	2.7789492291703	0.902740937223696	8	BioLiP/MOAD
250	272	88	1110	2.54616394171161	0.864864864864865	9	BioLiP/MOAD
250	252	78	1130	2.93932249559384	0.927433628318584	10	BioLiP/MOAD
250	250	90	1132	2.59578159566398	0.875441696113074	11	BioLiP/MOAD
250	250	115	1132	2.94202234797082	0.929328621908127	12	BioLiP/MOAD
250	251	114	1131	2.690964724067	0.888594164456233	13	BioLiP/MOAD
250	252	79	1130	2.59578159566398	0.875221238938053	14	BioLiP/MOAD
250	252	87	1130	2.89005661136252	0.923008849557522	15	BioLiP/MOAD
250	253	103	1129	2.66230841734408	0.884853852967228	16	BioLiP/MOAD
250	250	84	1132	2.92804883461181	0.925795053003534	17	BioLiP/MOAD
250	250	101	1132	2.99636625038364	0.934628975265018	18	BioLiP/MOAD
250	256	105	1126	3.04858981811136	0.941385435168739	19	BioLiP/MOAD
250	250	115	1132	2.44437062571429	0.84982332155477	20	BioLiP/MOAD
250	250	95	1132	2.690964724067	0.8886925795053	21	BioLiP/MOAD
250	250	96	1132	2.8395270436348	0.911660777385159	22	BioLiP/MOAD
250	255	91	1127	2.4372429894397	0.846495119787045	23	BioLiP/MOAD
250	250	85	1132	3.00213751811136	0.937279151943463	24	BioLiP/MOAD
250	250	81	1132	2.57395124604762	0.871908127208481	25	BioLiP/MOAD
250	250	109	1132	2.62796279056068	0.879858657243816	26	BioLiP/MOAD
250	250	98	1132	2.57395124604762	0.871908127208481	27	BioLiP/MOAD
250	252	112	1130	2.88732498265593	0.921238938053097	28	BioLiP/MOAD
250	251	102	1131	2.45403671650445	0.851458885941645	29	BioLiP/MOAD
250	252	109	1130	2.71089615793572	0.892035398230089	30	BioLiP/MOAD
250	252	81	1130	2.88732498265593	0.921238938053097	31	BioLiP/MOAD
250	250	91	1132	2.63748496964787	0.882508833922262	32	BioLiP/MOAD
250	253	110	1129	2.71251256715641	0.892825509300266	33	BioLiP/MOAD
250	253	109	1129	2.79003864797082	0.904340124003543	34	BioLiP/MOAD
250	251	90	1131	2.73524157768521	0.895667550839965	35	BioLiP/MOAD
250	250	100	1132	2.88839848265592	0.92226148409894	36	BioLiP/MOAD
250	260	108	1122	2.73560947334919	0.897504456327986	37	BioLiP/MOAD
250	250	94	1132	2.51063699566398	0.860424028268551	38	BioLiP/MOAD
250	250	86	1132	2.93009548265592	0.926678445229682	39	BioLiP/MOAD
250	251	88	1131	2.44502275828839	0.850574712643678	40	BioLiP/MOAD
250	250	91	1132	2.73555127334919	0.896643109540636	41	BioLiP/MOAD
250	250	111	1132	3.5035498535997	0.971731448763251	42	BioLiP/MOAD
250	254	85	1128	2.63748496964787	0.88209219858156	43	BioLiP/MOAD
250	252	82	1130	2.88732498265593	0.921238938053097	44	BioLiP/MOAD
250	266	100	1116	2.94202234797082	0.92921146953405	45	BioLiP/MOAD
250	250	109	1132	3.06405609056068	0.943462897526502	46	BioLiP/MOAD
250	256	101	1126	2.66230841734408	0.884547069271758	47	BioLiP/MOAD
250	250	109	1132	2.67813578441028	0.886925795053003	48	BioLiP/MOAD
250	250	87	1132	2.85903923584101	0.916961130742049	49	BioLiP/MOAD
250	251	117	1131	2.73555127334919	0.896551724137931	50	BioLiP/MOAD
250	251	96	1131	2.80632365299955	0.908930150309461	51	BioLiP/MOAD
250	250	104	1132	2.71251256715641	0.893109540636042	52	BioLiP/MOAD
250	250	81	1132	2.62796279056068	0.879858657243816	53	BioLiP/MOAD
250	250	108	1132	2.87610801734408	0.918727915194346	54	BioLiP/MOAD
250	288	73	1094	2.78893959132796	0.903107861060329	55	BioLiP/MOAD
250	251	87	1131	3.12414102168009	0.951370468611848	56	BioLiP/MOAD
250	251	95	1131	2.83683396964787	0.910698496905393	57	BioLiP/MOAD
250	252	85	1130	2.96175073737559	0.930973451327434	58	BioLiP/MOAD
250	250	100	1132	2.28921767507255	0.815371024734982	59	BioLiP/MOAD
250	250	115	1132	2.57178270433602	0.871024734982332	60	BioLiP/MOAD
250	255	109	1127	2.27755649923271	0.811002661934339	61	BioLiP/MOAD
250	255	90	1127	2.55846205395238	0.867790594498669	62	BioLiP/MOAD
250	277	87	1105	2.87610801734408	0.918552036199095	63	BioLiP/MOAD
250	250	105	1132	2.76961600867204	0.90017667844523	64	BioLiP/MOAD
250	253	82	1129	2.24838194579492	0.799822852081488	65	BioLiP/MOAD
250	250	102	1132	2.49723269383427	0.857773851590106	66	BioLiP/MOAD
250	253	97	1129	2.54254749566398	0.864481842338353	67	BioLiP/MOAD
250	250	97	1132	2.47599983501077	0.854240282685512	68	BioLiP/MOAD
250	250	109	1132	2.93941001136252	0.928445229681979	69	BioLiP/MOAD
250	252	101	1130	2.56506608640124	0.869026548672566	70	BioLiP/MOAD
250	250	89	1132	2.55846205395238	0.868374558303887	71	BioLiP/MOAD
250	257	91	1125	2.33053401300806	0.827555555555556	72	BioLiP/MOAD
250	253	118	1129	2.88069773860226	0.920283436669619	73	BioLiP/MOAD
250	251	75	1131	2.90129746398241	0.923961096374889	74	BioLiP/MOAD
250	250	98	1132	2.87610801734408	0.918727915194346	75	BioLiP/MOAD
250	250	105	1132	2.80632365299955	0.909010600706714	76	BioLiP/MOAD
250	251	120	1131	2.87610801734408	0.918656056587091	77	BioLiP/MOAD
250	250	93	1132	2.60732162168009	0.877208480565371	78	BioLiP/MOAD
250	254	88	1128	2.31872440870956	0.826241134751773	79	BioLiP/MOAD
250	253	97	1129	2.80433049132796	0.906997342781222	80	BioLiP/MOAD
250	256	106	1126	2.61176103791321	0.877442273534636	81	BioLiP/MOAD
250	251	97	1131	2.63039304001426	0.880636604774536	82	BioLiP/MOAD
250	250	80	1132	2.46590602517248	0.853356890459364	83	BioLiP/MOAD
250	268	87	1114	2.69879950867204	0.889587073608618	84	BioLiP/MOAD
250	252	86	1130	3.68913512095596	0.986725663716814	85	BioLiP/MOAD
250	250	99	1132	3.00037384926368	0.936395759717314	86	BioLiP/MOAD
250	254	96	1128	2.60082414979421	0.875886524822695	87	BioLiP/MOAD
250	255	97	1127	2.57395124604762	0.87133984028394	88	BioLiP/MOAD
250	251	76	1131	3.1761225789925	0.956675508399646	89	BioLiP/MOAD
250	253	99	1129	3.00037384926368	0.936226749335695	90	BioLiP/MOAD
250	251	88	1131	2.61176103791321	0.877984084880637	91	BioLiP/MOAD
250	250	98	1132	2.55320763987789	0.86660777385159	92	BioLiP/MOAD
250	251	87	1131	2.62269934797082	0.878868258178603	93	BioLiP/MOAD
250	252	109	1130	2.73524157768521	0.895575221238938	94	BioLiP/MOAD
250	253	88	1129	2.87610801734408	0.918511957484499	95	BioLiP/MOAD
250	250	100	1132	2.83683396964787	0.910777385159011	96	BioLiP/MOAD
250	251	90	1131	2.94202234797082	0.929266136162688	97	BioLiP/MOAD
250	251	107	1131	2.83683396964787	0.910698496905393	98	BioLiP/MOAD
250	251	112	1131	2.67813578441028	0.886825817860301	99	BioLiP/MOAD
250	257	88	1125	2.22682795784846	0.792	100	BioLiP/MOAD
500	501	196	881	2.6900273929735	0.88422247446084	1	BioLiP/MOAD
500	508	183	874	2.69411624017703	0.88558352402746	2	BioLiP/MOAD
500	503	192	879	2.63142385471966	0.875995449374289	3	BioLiP/MOAD
500	503	208	879	2.57395124604762	0.863481228668942	4	BioLiP/MOAD
500	502	185	880	2.88069773860226	0.926136363636364	5	BioLiP/MOAD
500	501	190	881	2.6900273929735	0.88422247446084	6	BioLiP/MOAD
500	500	172	882	3.0197241	0.948979591836735	7	BioLiP/MOAD
500	515	196	867	2.77541030006794	0.90080738177624	8	BioLiP/MOAD
500	500	205	882	2.7789492291703	0.903628117913832	9	BioLiP/MOAD
500	501	182	881	2.54616394171161	0.855845629965948	10	BioLiP/MOAD
500	506	171	876	2.80632365299955	0.910958904109589	11	BioLiP/MOAD
500	502	159	880	2.67813578441028	0.882954545454546	12	BioLiP/MOAD
500	507	206	875	2.99636625038364	0.944	13	BioLiP/MOAD
500	500	191	882	2.95707697335613	0.938775510204082	14	BioLiP/MOAD
500	502	187	880	2.86954574528034	0.922727272727273	15	BioLiP/MOAD
500	501	183	881	2.83683396964787	0.913734392735528	16	BioLiP/MOAD
500	503	170	879	2.77541030006794	0.901023890784983	17	BioLiP/MOAD
500	501	207	881	3.02241299131975	0.95005675368899	18	BioLiP/MOAD
500	502	185	880	2.80632365299955	0.911363636363636	19	BioLiP/MOAD
500	500	186	882	2.61176103791321	0.871882086167801	20	BioLiP/MOAD
500	500	165	882	2.67357997831991	0.882086167800454	21	BioLiP/MOAD
500	505	180	877	2.80433049132796	0.908779931584949	22	BioLiP/MOAD
500	500	189	882	2.71089615793572	0.890022675736961	23	BioLiP/MOAD
500	500	189	882	2.77645123737559	0.90249433106576	24	BioLiP/MOAD
500	501	195	881	2.80433049132796	0.909194097616345	25	BioLiP/MOAD
500	500	193	882	2.49723269383427	0.845804988662131	26	BioLiP/MOAD
500	500	183	882	2.7308169398819	0.893424036281179	27	BioLiP/MOAD
500	510	188	872	2.76741690269048	0.89908256880734	28	BioLiP/MOAD
500	519	183	863	2.8547438291703	0.918887601390498	29	BioLiP/MOAD
500	500	161	882	2.62796279056068	0.874149659863946	30	BioLiP/MOAD
500	527	176	855	2.63142385471966	0.874853801169591	31	BioLiP/MOAD
500	500	186	882	2.79003864797082	0.905895691609977	32	BioLiP/MOAD
500	500	187	882	2.88069773860226	0.926303854875284	33	BioLiP/MOAD
500	501	183	881	2.67813578441028	0.883087400681044	34	BioLiP/MOAD
500	500	189	882	2.8395270436348	0.914965986394558	35	BioLiP/MOAD
500	501	193	881	2.93009548265592	0.93416572077185	36	BioLiP/MOAD
500	503	189	879	2.690964724067	0.88509670079636	37	BioLiP/MOAD
500	501	200	881	2.73560947334919	0.896708286038593	38	BioLiP/MOAD
500	504	176	878	2.71251256715641	0.890660592255125	39	BioLiP/MOAD
500	519	193	863	2.60732162168009	0.870220162224797	40	BioLiP/MOAD
500	505	187	877	2.6597025873176	0.879133409350057	41	BioLiP/MOAD
500	500	192	882	3.15357175828839	0.970521541950113	42	BioLiP/MOAD
500	501	204	881	2.92804883461181	0.933030646992055	43	BioLiP/MOAD
500	503	199	879	3.0197241	0.948805460750853	44	BioLiP/MOAD
500	500	169	882	2.80632365299955	0.91156462585034	45	BioLiP/MOAD
500	500	169	882	2.8395270436348	0.914965986394558	46	BioLiP/MOAD
500	500	190	882	3.02599000433602	0.95124716553288	47	BioLiP/MOAD
500	502	181	880	3.10918009906994	0.961363636363636	48	BioLiP/MOAD
500	503	174	879	2.8395270436348	0.914675767918089	49	BioLiP/MOAD
500	501	192	881	2.57905684931721	0.864926220204313	50	BioLiP/MOAD
500	503	180	879	2.38570182200271	0.824800910125142	51	BioLiP/MOAD
500	506	191	876	2.63039304001426	0.874429223744292	52	BioLiP/MOAD
500	503	188	879	2.7308169398819	0.893060295790671	53	BioLiP/MOAD
500	518	169	864	2.35337845557959	0.8125	54	BioLiP/MOAD
500	500	160	882	2.45403671650445	0.837868480725624	55	BioLiP/MOAD
500	521	211	861	2.57905684931721	0.86411149825784	56	BioLiP/MOAD
500	502	161	880	2.79046816398241	0.906818181818182	57	BioLiP/MOAD
500	501	183	881	2.690964724067	0.885357548240636	58	BioLiP/MOAD
500	501	186	881	2.48609074528034	0.843359818388195	59	BioLiP/MOAD
500	500	203	882	2.77645123737559	0.90249433106576	60	BioLiP/MOAD
500	500	207	882	2.84808815299955	0.917233560090703	61	BioLiP/MOAD
500	501	189	881	2.52501524604762	0.850170261066969	62	BioLiP/MOAD
500	500	202	882	2.71089615793572	0.890022675736961	63	BioLiP/MOAD
500	500	165	882	2.87680564171161	0.925170068027211	64	BioLiP/MOAD
500	527	200	855	2.51063699566398	0.846783625730994	65	BioLiP/MOAD
500	500	197	882	2.80632365299955	0.91156462585034	66	BioLiP/MOAD
500	507	190	875	2.84808815299955	0.916571428571429	67	BioLiP/MOAD
500	500	158	882	2.85898799087441	0.920634920634921	68	BioLiP/MOAD
500	501	185	881	2.9660482	0.940976163450624	69	BioLiP/MOAD
500	502	199	880	2.67357997831991	0.881818181818182	70	BioLiP/MOAD
500	501	184	881	2.56506608640124	0.860385925085131	71	BioLiP/MOAD
500	511	196	871	2.44437062571429	0.834672789896671	72	BioLiP/MOAD
500	509	179	873	2.85903923584101	0.922107674684994	73	BioLiP/MOAD
500	500	217	882	2.60082414979421	0.869614512471655	74	BioLiP/MOAD
500	504	216	878	2.69879950867204	0.887243735763098	75	BioLiP/MOAD
500	500	198	882	2.67813578441028	0.883219954648526	76	BioLiP/MOAD
500	500	194	882	2.96175073737559	0.939909297052154	77	BioLiP/MOAD
500	502	218	880	3.06521963461181	0.956818181818182	78	BioLiP/MOAD
500	501	180	881	2.55846205395238	0.859250851305335	79	BioLiP/MOAD
500	500	163	882	2.62796279056068	0.874149659863946	80	BioLiP/MOAD
500	501	204	881	2.69411624017703	0.886492622020431	81	BioLiP/MOAD
500	502	205	880	2.95707697335613	0.938636363636364	82	BioLiP/MOAD
500	500	173	882	2.36847434945358	0.81859410430839	83	BioLiP/MOAD
500	500	210	882	2.58302931300806	0.86734693877551	84	BioLiP/MOAD
500	501	205	881	2.79046816398241	0.906923950056754	85	BioLiP/MOAD
500	501	204	881	2.91540829087441	0.931895573212259	86	BioLiP/MOAD
500	502	199	880	2.93009548265592	0.934090909090909	87	BioLiP/MOAD
500	500	182	882	2.7308169398819	0.893424036281179	88	BioLiP/MOAD
500	500	197	882	2.80461439566398	0.910430839002268	89	BioLiP/MOAD
500	505	164	877	2.85898799087441	0.92018244013683	90	BioLiP/MOAD
500	505	177	877	2.62796279056068	0.873432155074116	91	BioLiP/MOAD
500	504	197	878	2.67813578441028	0.882687927107062	92	BioLiP/MOAD
500	501	180	881	2.9660482	0.940976163450624	93	BioLiP/MOAD
500	503	195	879	2.7308169398819	0.893060295790671	94	BioLiP/MOAD
500	500	182	882	2.93009548265592	0.934240362811791	95	BioLiP/MOAD
500	503	195	879	2.85898799087441	0.920364050056883	96	BioLiP/MOAD
500	501	185	881	2.85903923584101	0.921679909194098	97	BioLiP/MOAD
500	501	180	881	2.690964724067	0.885357548240636	98	BioLiP/MOAD
500	507	199	875	2.77541030006794	0.900571428571429	99	BioLiP/MOAD
500	501	202	881	2.51063699566398	0.849035187287174	100	BioLiP/MOAD
50	63	9	25373	2.52482396684867	0.914200134000709	1	ChEMBL37
50	121	12	25315	1.87216258008288	0.78755678451511	2	ChEMBL37
50	53	4	25383	1.83372610259994	0.778552574557775	3	ChEMBL37
50	56	6	25380	2.38360875042687	0.893026004728132	4	ChEMBL37
50	51	9	25385	2.00987053936452	0.821587551703762	5	ChEMBL37
50	52	11	25384	3.80185169041361	0.991845256854712	6	ChEMBL37
50	67	2	25369	2.97307403952192	0.960621230635815	7	ChEMBL37
50	50	11	25386	3.43945793603455	0.984085716536674	8	ChEMBL37
50	54	7	25382	2.47533138111639	0.907651091324561	9	ChEMBL37
50	51	9	25385	2.43877707847863	0.901595430372267	10	ChEMBL37
50	50	10	25386	2.22813271350708	0.866107303238005	11	ChEMBL37
50	53	14	25383	2.72362210892459	0.939526454713785	12	ChEMBL37
50	77	4	25359	2.86283008366684	0.95137820891991	13	ChEMBL37
50	54	10	25382	2.21120285242302	0.86309195492869	14	ChEMBL37
50	74	8	25362	1.9366282458263	0.804352969008753	15	ChEMBL37
50	55	6	25381	2.60968727974316	0.924943855640046	16	ChEMBL37
50	55	12	25381	2.34260870141696	0.886568693116898	17	ChEMBL37
50	52	8	25384	2.4336755911654	0.900527891585251	18	ChEMBL37
50	53	14	25383	3.03441322417158	0.965015955560808	19	ChEMBL37
50	73	14	25363	2.14609886421508	0.850372589993297	20	ChEMBL37
50	50	9	25386	4.4803843876859	0.998384936579217	21	ChEMBL37
50	66	10	25370	2.84764111371162	0.950335041387465	22	ChEMBL37
50	59	5	25377	1.766250131317	0.759427828348505	23	ChEMBL37
50	50	8	25386	2.62508851144868	0.927440321437012	24	ChEMBL37
50	56	6	25380	2.65354980744201	0.93140267927502	25	ChEMBL37
50	54	12	25382	2.57290710944727	0.920494838862186	26	ChEMBL37
50	55	9	25381	3.13468574300415	0.971514124738978	27	ChEMBL37
50	67	4	25369	2.51154177061712	0.912570460010249	28	ChEMBL37
50	50	13	25386	1.72938813162608	0.747104703379816	29	ChEMBL37
50	64	11	25372	2.30375171583901	0.880537600504493	30	ChEMBL37
50	62	15	25374	2.50041825096529	0.910971860960038	31	ChEMBL37
50	52	14	25384	2.38196008984844	0.892806492278601	32	ChEMBL37
50	50	12	25386	2.64035554259899	0.92976443709131	33	ChEMBL37
50	66	7	25370	1.54982261156408	0.691446590461175	34	ChEMBL37
50	72	8	25364	1.90937481875589	0.797153445828734	35	ChEMBL37
50	60	19	25376	2.57425709788804	0.920751891551072	36	ChEMBL37
50	54	9	25382	2.6441105482678	0.930344338507604	37	ChEMBL37
50	50	12	25386	2.37401755256553	0.891515008272276	38	ChEMBL37
50	61	3	25375	2.1321262246484	0.847172413793104	39	ChEMBL37
50	50	10	25386	1.99120754732551	0.816749389427243	40	ChEMBL37
50	57	12	25379	2.29019576781583	0.878088183143544	41	ChEMBL37
50	55	10	25381	2.67060639002202	0.933257160868366	42	ChEMBL37
50	64	3	25372	2.30041884630414	0.87998581113038	43	ChEMBL37
50	50	11	25386	2.29992384404456	0.879894430000788	44	ChEMBL37
50	54	20	25382	2.27926449864012	0.876172090457805	45	ChEMBL37
50	67	13	25369	3.48533023704189	0.98569119791872	46	ChEMBL37
50	66	8	25370	1.77262606751172	0.761332282223098	47	ChEMBL37
50	61	14	25375	2.61307713326995	0.9255960591133	48	ChEMBL37
50	57	11	25379	1.68452272990163	0.733441033925687	49	ChEMBL37
50	61	5	25375	1.06044370288797	0.499231527093596	50	ChEMBL37
50	51	2	25385	1.48004622263126	0.668505022651172	51	ChEMBL37
50	50	8	25386	1.95495692153814	0.808595288741826	52	ChEMBL37
50	75	5	25361	1.640837334256	0.719293403256969	53	ChEMBL37
50	60	8	25376	1.95840087030942	0.809386822194199	54	ChEMBL37
50	59	6	25377	3.06457547582623	0.967017377940655	55	ChEMBL37
50	50	9	25386	2.89065998816537	0.953714645867801	56	ChEMBL37
50	57	15	25379	2.15171938576546	0.851649001142677	57	ChEMBL37
50	64	11	25372	3.4503926328202	0.984668138104998	58	ChEMBL37
50	61	15	25375	2.25979922008664	0.87215763546798	59	ChEMBL37
50	54	12	25382	2.10157938103404	0.841226065715862	60	ChEMBL37
50	58	13	25378	3.63513136504945	0.989045630073292	61	ChEMBL37
50	64	8	25372	2.04946859348496	0.830206526880025	62	ChEMBL37
50	50	14	25386	2.38360875042687	0.893051288111558	63	ChEMBL37
50	61	12	25375	2.76134025922372	0.943014778325123	64	ChEMBL37
50	89	9	25347	1.72181563334048	0.744821872410936	65	ChEMBL37
50	50	18	25386	2.13686140607016	0.848459780981644	66	ChEMBL37
50	51	7	25385	1.63914131108346	0.718889107740792	67	ChEMBL37
50	50	8	25386	2.3220104267745	0.883557866540613	68	ChEMBL37
50	53	6	25383	2.67342070023362	0.933656384194146	69	ChEMBL37
50	51	9	25385	2.49596657324961	0.910380145755367	70	ChEMBL37
50	57	12	25379	1.96625125464067	0.811182473698727	71	ChEMBL37
50	50	15	25386	3.05111098327776	0.966044276372804	72	ChEMBL37
50	51	11	25385	2.300017728411	0.879929091983455	73	ChEMBL37
50	51	15	25385	1.99158121118167	0.816899743943274	74	ChEMBL37
50	51	12	25385	1.75395337306005	0.755327949576522	75	ChEMBL37
50	50	3	25386	1.61674733255069	0.711927834239345	76	ChEMBL37
50	52	11	25384	3.99004638600636	0.99483926883076	77	ChEMBL37
50	52	14	25384	1.99450641237111	0.81764103372203	78	ChEMBL37
50	51	13	25385	2.28187737460492	0.876895804609021	79	ChEMBL37
50	50	18	25386	2.06313487365175	0.833333333333333	80	ChEMBL37
50	65	9	25371	3.58016190046329	0.988175475937093	81	ChEMBL37
50	60	12	25376	1.80606082950483	0.771043505674653	82	ChEMBL37
50	51	12	25385	3.80185169041361	0.991845578097302	83	ChEMBL37
50	62	10	25374	2.50041825096529	0.910971860960038	84	ChEMBL37
50	59	15	25377	3.13468574300415	0.971549040469717	85	ChEMBL37
50	59	17	25377	3.34663706924925	0.980927611616818	86	ChEMBL37
50	50	9	25386	3.31338912540908	0.979555660600331	87	ChEMBL37
50	51	4	25385	3.01119610837387	0.963442978136695	88	ChEMBL37
50	60	10	25376	2.27039342387397	0.874330075662043	89	ChEMBL37
50	58	7	25378	3.14335724847302	0.972141224682796	90	ChEMBL37
50	59	9	25377	2.19888433630929	0.860424794104898	91	ChEMBL37
50	50	12	25386	3.11128339247518	0.970298589773891	92	ChEMBL37
50	62	12	25374	2.41087030288635	0.897335855600221	93	ChEMBL37
50	93	8	25343	3.12499611761104	0.971037367320365	94	ChEMBL37
50	109	6	25327	1.76612006166931	0.759031863228965	95	ChEMBL37
50	56	8	25380	2.25210996108126	0.870843183609141	96	ChEMBL37
50	63	6	25373	1.80142966910841	0.769203484018445	97	ChEMBL37
50	52	10	25384	1.73204459031573	0.747872675701229	98	ChEMBL37
50	55	15	25381	2.24284734756633	0.86895709388913	99	ChEMBL37
50	142	1	25294	1.39441425891682	0.635802957223057	100	ChEMBL37
100	120	12	25316	2.03056476681157	0.825841365144573	1	ChEMBL37
100	100	7	25336	1.63041468742834	0.716056204610041	2	ChEMBL37
100	107	12	25329	2.56556247941474	0.919617829365549	3	ChEMBL37
100	469	23	24967	2.24406116393799	0.868626587094965	4	ChEMBL37
100	120	25	25316	2.5815150570713	0.921551587928583	5	ChEMBL37
100	147	26	25289	2.17815877795388	0.856538415912057	6	ChEMBL37
100	121	18	25315	2.33926903573141	0.885798933438673	7	ChEMBL37
100	113	21	25323	1.88329676330268	0.790467164238044	8	ChEMBL37
100	150	20	25286	2.25962004602657	0.872024044926046	9	ChEMBL37
100	117	23	25319	3.49627080924747	0.986176389272878	10	ChEMBL37
100	113	16	25323	2.59975773048889	0.923784701654622	11	ChEMBL37
100	117	22	25319	4.13512542541388	0.996761325486789	12	ChEMBL37
100	100	20	25336	2.24295200387541	0.868961161982949	13	ChEMBL37
100	123	24	25313	2.62818405092842	0.928021174890372	14	ChEMBL37
100	112	21	25324	4.19363178199755	0.997275311957037	15	ChEMBL37
100	115	18	25321	2.19044964031866	0.858694364361597	16	ChEMBL37
100	102	33	25334	1.70946717980357	0.740269992894924	17	ChEMBL37
100	107	28	25329	2.35323908269153	0.888309842473055	18	ChEMBL37
100	106	26	25330	2.31890099066666	0.882905645479669	19	ChEMBL37
100	109	25	25327	3.16686569293955	0.973506534528369	20	ChEMBL37
100	105	16	25331	2.43521125829709	0.900872448778177	21	ChEMBL37
100	100	14	25336	2.39379274059087	0.894655825702558	22	ChEMBL37
100	102	14	25334	3.14016850693927	0.972053367016657	23	ChEMBL37
100	105	28	25331	2.51338345395759	0.912794599502586	24	ChEMBL37
100	115	5	25321	2.27179838541929	0.874570514592631	25	ChEMBL37
100	285	9	25151	3.10805448416369	0.970696990179317	26	ChEMBL37
100	100	23	25336	2.95559483180732	0.959267445532049	27	ChEMBL37
100	108	11	25328	2.90738107381595	0.955661718256475	28	ChEMBL37
100	107	15	25329	2.97228812840318	0.96059852343164	29	ChEMBL37
100	101	16	25335	1.91540943283726	0.79846062759029	30	ChEMBL37
100	106	18	25330	2.26567645584273	0.872956968022108	31	ChEMBL37
100	105	19	25331	2.8001320157713	0.946468753700999	32	ChEMBL37
100	100	25	25336	2.3380031641758	0.88557783391222	33	ChEMBL37
100	101	14	25335	2.70154815787271	0.937438326425893	34	ChEMBL37
100	117	26	25319	2.50814898499841	0.91188435562226	35	ChEMBL37
100	152	32	25284	2.90738107381595	0.95578231292517	36	ChEMBL37
100	100	11	25336	1.68810480034382	0.734291127249763	37	ChEMBL37
100	1068	4	24368	2.89100884609961	0.955966841759685	38	ChEMBL37
100	164	16	25272	2.29856197591264	0.879550490661602	39	ChEMBL37
100	102	17	25334	1.95701838355164	0.808794505407752	40	ChEMBL37
100	100	19	25336	2.18560931467948	0.857988632775497	41	ChEMBL37
100	101	18	25335	2.53022496512163	0.914939806591672	42	ChEMBL37
100	103	12	25333	3.83443451636282	0.992618323925315	43	ChEMBL37
100	100	24	25336	2.40251136341657	0.896195137353963	44	ChEMBL37
100	101	16	25335	3.36084193703118	0.981448588908624	45	ChEMBL37
100	125	10	25311	2.91907360127214	0.956659160048991	46	ChEMBL37
100	103	18	25333	2.23681783744046	0.867879840524217	47	ChEMBL37
100	126	20	25310	2.60575637779236	0.924654286843145	48	ChEMBL37
100	103	21	25333	2.01282025874355	0.822287135357044	49	ChEMBL37
100	100	12	25336	2.75293137957145	0.942098200189454	50	ChEMBL37
100	100	22	25336	2.70337835659298	0.937717082412378	51	ChEMBL37
100	115	6	25321	3.95475513152023	0.994668457011966	52	ChEMBL37
100	162	19	25274	1.90117582808898	0.794848460868877	53	ChEMBL37
100	177	21	25259	1.52765316012625	0.68324161684944	54	ChEMBL37
100	182	12	25254	2.6328019219321	0.928922150946385	55	ChEMBL37
100	141	10	25295	2.40599323766097	0.896540818343546	56	ChEMBL37
100	100	17	25336	1.9520112802073	0.807507104515314	57	ChEMBL37
100	106	19	25330	2.31935111193553	0.883024082116068	58	ChEMBL37
100	100	22	25336	2.6195658008763	0.926784022734449	59	ChEMBL37
100	100	25	25336	2.07537757405714	0.835451531417746	60	ChEMBL37
100	100	16	25336	3.1071746242037	0.970082096621408	61	ChEMBL37
100	101	27	25335	2.68156106517004	0.934991119005329	62	ChEMBL37
100	102	26	25334	2.71703647389236	0.939093708060314	63	ChEMBL37
100	217	25	25219	1.88143687730489	0.789484119116539	64	ChEMBL37
100	100	26	25336	2.84851591441085	0.950505209977897	65	ChEMBL37
100	103	23	25333	2.75105885171218	0.941972920696325	66	ChEMBL37
100	111	11	25325	2.79178596171272	0.945705824284304	67	ChEMBL37
100	112	12	25324	2.44196014481904	0.902187648080872	68	ChEMBL37
100	110	19	25326	2.18802744707499	0.858287925452105	69	ChEMBL37
100	121	19	25315	2.08217863282737	0.836776614655343	70	ChEMBL37
100	103	20	25333	2.45089244087949	0.903485572178581	71	ChEMBL37
100	101	17	25335	2.53236796855426	0.91549240181567	72	ChEMBL37
100	5725	22	19711	2.28074632399276	0.869615950484501	73	ChEMBL37
100	135	24	25301	2.98830878325489	0.961977787439232	74	ChEMBL37
100	111	15	25325	2.67794115088029	0.934452122408687	75	ChEMBL37
100	171	10	25265	1.53688766901958	0.68660201860281	76	ChEMBL37
100	109	14	25327	2.46816154347068	0.906423974414656	77	ChEMBL37
100	111	12	25325	2.04325465090054	0.828785784797631	78	ChEMBL37
100	117	22	25319	1.98423558029228	0.815158576563056	79	ChEMBL37
100	105	38	25331	2.61305551714546	0.925585251273144	80	ChEMBL37
100	104	22	25332	2.16887542594169	0.854729196273488	81	ChEMBL37
100	287	9	25149	1.58680519535133	0.700823094357629	82	ChEMBL37
100	100	19	25336	3.26626647171297	0.977818124407957	83	ChEMBL37
100	100	16	25336	3.21775635493408	0.975607830754657	84	ChEMBL37
100	114	18	25322	2.26777029912156	0.873627675539057	85	ChEMBL37
100	116	16	25320	3.9273711525065	0.994391785150079	86	ChEMBL37
100	101	15	25335	1.98236687023147	0.814999013222814	87	ChEMBL37
100	117	14	25319	3.25634495189683	0.977250286346222	88	ChEMBL37
100	102	3	25334	2.3471795064165	0.887502960448409	89	ChEMBL37
100	105	15	25331	2.39132310472889	0.894161304330662	90	ChEMBL37
100	102	6	25334	1.96663891855243	0.811360227362438	91	ChEMBL37
100	101	22	25335	2.19567793508174	0.859798697454115	92	ChEMBL37
100	100	14	25336	2.16317669442227	0.853725923586991	93	ChEMBL37
100	104	14	25332	2.95865031063144	0.959576819832623	94	ChEMBL37
100	103	30	25333	2.63466481904235	0.929183278727352	95	ChEMBL37
100	100	32	25336	2.67791223485291	0.934401641932428	96	ChEMBL37
100	102	4	25334	1.81730765137575	0.773782268887661	97	ChEMBL37
100	102	14	25334	2.94677133248159	0.95875108549775	98	ChEMBL37
100	100	10	25336	2.91907360127214	0.956622987053994	99	ChEMBL37
100	101	14	25335	2.84463736151945	0.950148016577857	100	ChEMBL37
250	258	42	25178	2.00818741356583	0.820398760822941	1	ChEMBL37
250	250	51	25186	2.4378986792631	0.901373779083618	2	ChEMBL37
250	332	52	25104	2.41140878002111	0.897426704907585	3	ChEMBL37
250	253	54	25183	2.41328691421577	0.897629353135051	4	ChEMBL37
250	253	57	25183	2.05640795487532	0.831314775840845	5	ChEMBL37
250	259	37	25177	2.50408168067431	0.911506533741113	6	ChEMBL37
250	254	55	25182	2.03165608332919	0.825708839647367	7	ChEMBL37
250	252	31	25184	2.88473949522617	0.9534625158831	8	ChEMBL37
250	338	25	25098	2.07627894623423	0.834887242011316	9	ChEMBL37
250	251	49	25185	2.39313026079445	0.894540401032361	10	ChEMBL37
250	257	45	25179	2.29030310418718	0.877953850430915	11	ChEMBL37
250	253	44	25183	2.63397454792757	0.929118850017869	12	ChEMBL37
250	274	45	25162	2.71190331427128	0.938756855575868	13	ChEMBL37
250	252	49	25184	2.45799041601187	0.904621982210928	14	ChEMBL37
250	251	24	25185	2.27393616958614	0.875044669446099	15	ChEMBL37
250	250	49	25186	2.31926434711357	0.882871436512348	16	ChEMBL37
250	250	48	25186	2.62618982646316	0.92793615500675	17	ChEMBL37
250	250	51	25186	2.40797001394668	0.896807750337489	18	ChEMBL37
250	257	39	25179	2.07187115110301	0.834147503872275	19	ChEMBL37
250	254	52	25182	2.35678819080962	0.888690334365817	20	ChEMBL37
250	304	50	25132	2.57556685638073	0.921096609899729	21	ChEMBL37
250	476	34	24960	1.96680934190842	0.81005608974359	22	ChEMBL37
250	5825	47	19611	2.28114000409073	0.869613992147264	23	ChEMBL37
250	251	35	25185	2.73340143873216	0.941115743498114	24	ChEMBL37
250	264	55	25172	2.84427695051542	0.950421102812649	25	ChEMBL37
250	437	38	24999	1.98423558029228	0.814072562902516	26	ChEMBL37
250	255	46	25181	2.67990929713973	0.934950955085183	27	ChEMBL37
250	1300	73	24136	2.87243131648736	0.954922108054359	28	ChEMBL37
250	253	44	25183	2.3642307980123	0.889965452884883	29	ChEMBL37
250	5812	24	19624	2.28209941822685	0.870209947003669	30	ChEMBL37
250	267	41	25169	2.68225883879962	0.935317255353808	31	ChEMBL37
250	268	54	25168	2.64256604279391	0.930228862047044	32	ChEMBL37
250	396	9	25040	1.74978228183341	0.75167731629393	33	ChEMBL37
250	269	50	25167	3.15158914022909	0.9733381014821	34	ChEMBL37
250	291	27	25145	2.01991116412292	0.823225293298867	35	ChEMBL37
250	268	36	25168	2.79752627516194	0.946360457724094	36	ChEMBL37
250	251	43	25185	2.57006709960046	0.920150883462378	37	ChEMBL37
250	255	28	25181	1.95871980350987	0.808744688455582	38	ChEMBL37
250	250	39	25186	2.45089244087949	0.903517827364409	39	ChEMBL37
250	251	41	25185	2.57556685638073	0.921064125471511	40	ChEMBL37
250	266	42	25170	2.54433929105731	0.917123559793405	41	ChEMBL37
250	5649	3	19787	2.28009783045159	0.869611360994593	42	ChEMBL37
250	252	25	25184	2.40864286626938	0.896918678526048	43	ChEMBL37
250	257	61	25179	2.46378191456411	0.905754795663053	44	ChEMBL37
250	255	56	25181	3.0863511766367	0.969063976807911	45	ChEMBL37
250	255	31	25181	2.40219375450755	0.896112148048132	46	ChEMBL37
250	455	34	24981	2.8943436646002	0.954885713141988	47	ChEMBL37
250	253	62	25183	2.30763094857072	0.88107056347536	48	ChEMBL37
250	259	37	25177	2.2138507113691	0.863287921515669	49	ChEMBL37
250	256	34	25180	2.72855239723651	0.940270055599682	50	ChEMBL37
250	305	24	25131	2.06266472139478	0.83239823325773	51	ChEMBL37
250	262	48	25174	2.30514516588532	0.880630809565425	52	ChEMBL37
250	250	40	25186	2.39715046614566	0.895298975621377	53	ChEMBL37
250	251	62	25185	2.47533138111639	0.907722850903316	54	ChEMBL37
250	5818	40	19618	2.30446879920471	0.874859822611887	55	ChEMBL37
250	255	44	25181	2.44768082839246	0.90302211985227	56	ChEMBL37
250	250	46	25186	2.91077408625462	0.956324942428333	57	ChEMBL37
250	250	40	25186	3.06362106172932	0.967362820614627	58	ChEMBL37
250	332	40	25104	2.64277146460077	0.930409496494583	59	ChEMBL37
250	250	49	25186	2.72697135411776	0.940165171126817	60	ChEMBL37
250	260	48	25176	2.81602049450505	0.948164918970448	61	ChEMBL37
250	280	50	25156	2.61544361331	0.926220384798855	62	ChEMBL37
250	256	49	25180	2.63550740343786	0.929388403494837	63	ChEMBL37
250	286	56	25150	2.03485525404684	0.826202783300199	64	ChEMBL37
250	252	41	25184	3.0642840501234	0.967479351969504	65	ChEMBL37
250	250	50	25186	2.51154177061712	0.912689589454459	66	ChEMBL37
250	253	33	25183	2.6800887048191	0.934995830520589	67	ChEMBL37
250	253	24	25183	1.99174833292302	0.816304649962276	68	ChEMBL37
250	346	23	25090	1.48805563788644	0.668154643284177	69	ChEMBL37
250	328	45	25108	1.83811857454924	0.778238011789071	70	ChEMBL37
250	250	28	25186	2.61054511659877	0.92531565155245	71	ChEMBL37
250	284	57	25152	2.89739240332402	0.954794847328244	72	ChEMBL37
250	255	35	25181	2.9039517955676	0.955482308089432	73	ChEMBL37
250	250	45	25186	2.74689940963308	0.942070991820853	74	ChEMBL37
250	272	32	25164	2.43521125829709	0.900890160546813	75	ChEMBL37
250	250	46	25186	3.00277994060353	0.963432065433177	76	ChEMBL37
250	256	26	25180	1.91811628405394	0.798649722001589	77	ChEMBL37
250	264	35	25172	2.12973861885482	0.84641665342444	78	ChEMBL37
250	250	44	25186	2.39837186645555	0.895457794012547	79	ChEMBL37
250	258	41	25178	2.18420917116131	0.857375486535865	80	ChEMBL37
250	259	34	25177	2.47868436982057	0.908368749255273	81	ChEMBL37
250	251	53	25185	2.58545582437158	0.922017073654953	82	ChEMBL37
250	297	49	25139	2.22050065706541	0.864393969529417	83	ChEMBL37
250	254	39	25182	1.89700584522158	0.793463585100469	84	ChEMBL37
250	389	23	25047	2.75612661072546	0.943027109035014	85	ChEMBL37
250	266	50	25170	2.72941809768485	0.940444974175606	86	ChEMBL37
250	273	34	25163	2.81635382269373	0.948297102889163	87	ChEMBL37
250	255	32	25181	1.87686079532904	0.788411897859497	88	ChEMBL37
250	261	50	25175	2.46543071127657	0.906057596822244	89	ChEMBL37
250	254	13	25182	2.05630197070446	0.83122865538877	90	ChEMBL37
250	253	27	25183	2.41266697461575	0.897510225151888	91	ChEMBL37
250	269	43	25167	2.63351895608384	0.92911352167521	92	ChEMBL37
250	259	30	25177	2.35300978941899	0.888231322238551	93	ChEMBL37
250	267	48	25169	3.0639767769231	0.967459970598753	94	ChEMBL37
250	251	28	25185	2.41818025126992	0.898550724637681	95	ChEMBL37
250	250	32	25186	2.07336145797695	0.834709759390137	96	ChEMBL37
250	261	59	25175	2.56139060502573	0.919324726911619	97	ChEMBL37
250	304	52	25132	2.66775356215582	0.933192742320547	98	ChEMBL37
250	256	68	25180	2.20562511027633	0.861517077045274	99	ChEMBL37
250	254	30	25182	2.71490578416415	0.939004050512271	100	ChEMBL37
500	524	88	24912	2.47334792395062	0.907474309569685	1	ChEMBL37
500	502	55	24934	2.64073628737444	0.930416299029438	2	ChEMBL37
500	599	97	24837	2.69287266388178	0.937150219430688	3	ChEMBL37
500	500	98	24936	2.63229521359562	0.929178697465512	4	ChEMBL37
500	631	87	24805	2.46673678069369	0.90634952630518	5	ChEMBL37
500	502	60	24934	2.56023431264004	0.919427288040427	6	ChEMBL37
500	500	32	24936	2.26501866478388	0.872393326916907	7	ChEMBL37
500	514	95	24922	2.48923340964337	0.909597945590242	8	ChEMBL37
500	500	91	24936	2.88271629003789	0.95384183509785	9	ChEMBL37
500	537	84	24899	2.08019297076997	0.835294590144182	10	ChEMBL37
500	501	85	24935	2.42449383315224	0.89933827952677	11	ChEMBL37
500	510	88	24926	2.50281493937783	0.911417796678167	12	ChEMBL37
500	500	96	24936	2.57425709788804	0.921118062239333	13	ChEMBL37
500	513	61	24923	2.47611491173033	0.907996629619227	14	ChEMBL37
500	501	71	24935	2.80235030598954	0.947543613394826	15	ChEMBL37
500	572	61	24864	2.61836535942363	0.927002895752896	16	ChEMBL37
500	629	72	24807	2.20031772545627	0.859878260168501	17	ChEMBL37
500	502	100	24934	2.93952980595507	0.959051897008101	18	ChEMBL37
500	503	84	24933	2.7241888027793	0.940279950266715	19	ChEMBL37
500	575	88	24861	2.15551518173643	0.85133341378062	20	ChEMBL37
500	596	52	24840	2.55364564904972	0.918599033816425	21	ChEMBL37
500	526	83	24910	2.83532331542316	0.949939783219591	22	ChEMBL37
500	501	92	24935	2.22905663072018	0.865771004611991	23	ChEMBL37
500	507	60	24929	2.19749856957625	0.859360584058727	24	ChEMBL37
500	535	93	24901	2.45109016110832	0.903698646640697	25	ChEMBL37
500	749	73	24687	2.183598408661	0.856483169279378	26	ChEMBL37
500	511	48	24925	1.9617437613768	0.808425275827483	27	ChEMBL37
500	641	60	24795	2.68924404120119	0.936761443839484	28	ChEMBL37
500	500	76	24936	1.88553193956054	0.789380814886108	29	ChEMBL37
500	502	71	24934	1.94376380052886	0.803882249137724	30	ChEMBL37
500	6105	85	19331	2.28612185353256	0.870518855723967	31	ChEMBL37
500	501	62	24935	2.18802744707499	0.857629837577702	32	ChEMBL37
500	503	63	24933	2.37133927579741	0.890867524966911	33	ChEMBL37
500	501	72	24935	2.69803469788897	0.937677962703028	34	ChEMBL37
500	661	49	24775	2.14044261531525	0.847749747729566	35	ChEMBL37
500	3304	27	22132	2.20847158849456	0.856949213808061	36	ChEMBL37
500	595	57	24841	1.97865616215122	0.812084859707741	37	ChEMBL37
500	507	62	24929	2.98959445484024	0.963014962493481	38	ChEMBL37
500	514	74	24922	2.64073628737444	0.930422919508868	39	ChEMBL37
500	500	63	24936	2.38249114281837	0.892725376965031	40	ChEMBL37
500	3135	24	22301	2.19196160017354	0.853549168198736	41	ChEMBL37
500	562	61	24874	2.23003109457648	0.865843853019217	42	ChEMBL37
500	501	81	24935	2.79994725183485	0.947142570683778	43	ChEMBL37
500	5715	24	19721	2.29213260148535	0.872318847928604	44	ChEMBL37
500	534	34	24902	1.94522904460743	0.804312906593848	45	ChEMBL37
500	622	76	24814	2.43410562626613	0.900620617393407	46	ChEMBL37
500	568	45	24868	2.01943690452418	0.822301753257198	47	ChEMBL37
500	510	84	24926	2.65682520392301	0.932399903714996	48	ChEMBL37
500	507	108	24929	2.36655072107259	0.890208191263188	49	ChEMBL37
500	502	81	24934	2.43877707847863	0.901620277532686	50	ChEMBL37
500	6077	82	19359	2.29362333736925	0.872100831654528	51	ChEMBL37
500	571	53	24865	1.86181207766511	0.782988135934044	52	ChEMBL37
500	504	77	24932	2.71190331427128	0.939114391143912	53	ChEMBL37
500	507	105	24929	3.02890166805062	0.965822937141482	54	ChEMBL37
500	5848	27	19588	2.3102494311232	0.876403920767817	55	ChEMBL37
500	500	84	24936	2.70142360279359	0.93800128328521	56	ChEMBL37
500	504	59	24932	2.59238698516975	0.923150970640141	57	ChEMBL37
500	521	90	24915	2.38852330795941	0.893758779851495	58	ChEMBL37
500	500	97	24936	2.58114678911711	0.921839910170035	59	ChEMBL37
500	594	59	24842	2.17679187787626	0.85564769342243	60	ChEMBL37
500	503	79	24933	2.66336997029004	0.933060602414471	61	ChEMBL37
500	3188	28	22248	2.24755851846407	0.865426105717368	62	ChEMBL37
500	502	72	24934	2.8653105784509	0.952594850405069	63	ChEMBL37
500	504	64	24932	2.39178278207723	0.894232311888336	64	ChEMBL37
500	511	73	24925	2.47084979260431	0.907081243731194	65	ChEMBL37
500	502	25	24934	2.09965475248293	0.83981711718938	66	ChEMBL37
500	501	98	24935	2.64073628737444	0.930419089633046	67	ChEMBL37
500	500	109	24936	2.76424470450417	0.944136990696182	68	ChEMBL37
500	509	83	24927	2.57297655283662	0.920929113009989	69	ChEMBL37
500	510	106	24926	2.75377262984537	0.942911016609163	70	ChEMBL37
500	505	85	24931	2.42847796579689	0.899683125426176	71	ChEMBL37
500	503	85	24933	2.39178278207723	0.894236553964625	72	ChEMBL37
500	504	75	24932	2.18270560088804	0.856730306433499	73	ChEMBL37
500	502	78	24934	2.33619970484573	0.88513676104917	74	ChEMBL37
500	500	39	24936	1.64760339313567	0.71843920436317	75	ChEMBL37
500	504	56	24932	2.88463861316044	0.953954756938874	76	ChEMBL37
500	554	50	24882	2.62075620000437	0.927537979262117	77	ChEMBL37
500	520	94	24916	2.37133927579741	0.890873334403596	78	ChEMBL37
500	512	104	24924	2.65642121422748	0.932274113304446	79	ChEMBL37
500	502	76	24934	2.75377262984537	0.94288922756076	80	ChEMBL37
500	529	67	24907	2.72099801854664	0.940097161440559	81	ChEMBL37
500	596	73	24840	2.35300978941899	0.88804347826087	82	ChEMBL37
500	511	95	24925	2.59113097127671	0.923049147442327	83	ChEMBL37
500	500	68	24936	2.81725370999963	0.948909207571383	84	ChEMBL37
500	500	102	24936	2.32714475334557	0.883782483156882	85	ChEMBL37
500	749	55	24687	2.09107561346919	0.837485316158302	86	ChEMBL37
500	503	85	24933	2.62201006722833	0.92760598403722	87	ChEMBL37
500	511	74	24925	2.59330012435589	0.923370110330993	88	ChEMBL37
500	528	74	24908	2.93951558520161	0.95904930142926	89	ChEMBL37
500	502	136	24934	2.54277810879751	0.916980829389589	90	ChEMBL37
500	522	110	24914	2.39837186645555	0.89540017660753	91	ChEMBL37
500	3103	10	22333	2.19196160017354	0.853624680965388	92	ChEMBL37
500	564	56	24872	2.57082145072712	0.920513026696687	93	ChEMBL37
500	525	22	24911	2.15171938576546	0.850748665248284	94	ChEMBL37
500	600	53	24836	2.34670153733431	0.88709937187953	95	ChEMBL37
500	501	115	24935	2.7202573574729	0.94000401042711	96	ChEMBL37
500	500	100	24936	2.62380234068262	0.927735001604107	97	ChEMBL37
500	510	72	24926	2.11335209550498	0.842734494102544	98	ChEMBL37
500	520	76	24916	2.49681364605158	0.910699951838176	99	ChEMBL37
500	508	57	24928	2.59933275392297	0.924021181001284	100	ChEMBL37
1000	1002	80	24434	2.22637271775245	0.8644921011705	1	ChEMBL37
1000	1006	153	24430	2.51981530383765	0.914121981170692	2	ChEMBL37
1000	6589	101	18847	2.29572373550157	0.871809837109354	3	ChEMBL37
1000	1114	141	24322	2.26459542778726	0.871597730449799	4	ChEMBL37
1000	1635	97	23801	2.83374570733919	0.952228897945465	5	ChEMBL37
1000	3637	37	21799	2.18812984555171	0.851552823524015	6	ChEMBL37
1000	1005	207	24431	2.83626178863978	0.951086734067373	7	ChEMBL37
1000	1000	128	24436	2.27082950649718	0.873506302177116	8	ChEMBL37
1000	1064	176	24372	2.44842371872293	0.903249630723781	9	ChEMBL37
1000	3139	29	22297	2.19481175825313	0.854105933533659	10	ChEMBL37
1000	1004	119	24432	2.47854693438273	0.908562540929928	11	ChEMBL37
1000	1000	167	24436	2.52482396684867	0.914756916025536	12	ChEMBL37
1000	1004	185	24432	2.35107081632543	0.887647347740668	13	ChEMBL37
1000	1867	97	23569	2.72855239723651	0.9430183715898	14	ChEMBL37
1000	1007	132	24429	2.30041884630414	0.879200949690941	15	ChEMBL37
1000	3897	102	21539	2.137560852529	0.839314731417429	16	ChEMBL37
1000	1016	139	24420	2.29403620521137	0.877927927927928	17	ChEMBL37
1000	1003	154	24433	2.26351113719755	0.871567142798674	18	ChEMBL37
1000	1028	151	24408	2.42653399105446	0.899500163880695	19	ChEMBL37
1000	1000	138	24436	2.15046210252699	0.849443444098871	20	ChEMBL37
1000	1007	146	24429	2.29834744154677	0.878791600147366	21	ChEMBL37
1000	1020	165	24416	2.61544361331	0.927015072083879	22	ChEMBL37
1000	1013	172	24423	2.7330413563865	0.942349424722597	23	ChEMBL37
1000	6592	139	18844	2.34325872406142	0.882084483124602	24	ChEMBL37
1000	1008	160	24428	2.38249114281837	0.892541345996398	25	ChEMBL37
1000	1007	217	24429	2.57287438112472	0.92124114781612	26	ChEMBL37
1000	1000	126	24436	2.5317236384606	0.915820919954166	27	ChEMBL37
1000	1006	171	24430	2.73340143873216	0.942365943512075	28	ChEMBL37
1000	3718	79	21718	2.20847158849456	0.856110139055162	29	ChEMBL37
1000	1036	136	24400	2.63452316471055	0.930163934426229	30	ChEMBL37
1000	1006	193	24430	2.47674504840114	0.908268522308637	31	ChEMBL37
1000	1002	211	24434	2.45076601026625	0.903536056314971	32	ChEMBL37
1000	1040	143	24396	2.38107512403751	0.892318412854566	33	ChEMBL37
1000	1019	169	24417	2.27834486288597	0.875046074456322	34	ChEMBL37
1000	6087	60	19349	2.27828501775131	0.868416972453357	35	ChEMBL37
1000	1024	165	24412	2.48200936669136	0.908938227101426	36	ChEMBL37
1000	1000	123	24436	2.68354769429879	0.936691766246522	37	ChEMBL37
1000	1012	155	24424	2.62590982975772	0.928676711431379	38	ChEMBL37
1000	1221	144	24215	2.27862576462763	0.874912244476564	39	ChEMBL37
1000	1011	151	24425	2.30358968365479	0.87971340839304	40	ChEMBL37
1000	1013	144	24423	2.70324379765486	0.939073823854563	41	ChEMBL37
1000	6591	159	18845	2.26643413055433	0.863836561422128	42	ChEMBL37
1000	1039	123	24397	3.002189453059	0.965405582653605	43	ChEMBL37
1000	1121	118	24315	2.10684493480579	0.839810816368497	44	ChEMBL37
1000	1013	117	24423	2.46543071127657	0.90623592515252	45	ChEMBL37
1000	3077	5	22359	2.19196160017354	0.853660718278993	46	ChEMBL37
1000	6271	98	19165	2.29620192860656	0.872371510566136	47	ChEMBL37
1000	1006	150	24430	2.45799041601187	0.904748260335653	48	ChEMBL37
1000	1000	126	24436	2.15097643825681	0.849566213782943	49	ChEMBL37
1000	1003	167	24433	2.41885385793951	0.898579789628781	50	ChEMBL37
1000	1012	150	24424	2.77991650298667	0.946282345234196	51	ChEMBL37
1000	1004	148	24432	2.55943533827525	0.91977734119188	52	ChEMBL37
1000	3686	123	21750	2.26540510318897	0.868459770114943	53	ChEMBL37
1000	1241	157	24195	2.3088160874819	0.880636495143625	54	ChEMBL37
1000	1008	119	24428	2.36396132603887	0.889552971999345	55	ChEMBL37
1000	3611	77	21825	2.21945065954477	0.858694158075601	56	ChEMBL37
1000	1111	10	24325	2.88964629369182	0.95601233299075	57	ChEMBL37
1000	1195	108	24241	2.20418525752561	0.85978301225197	58	ChEMBL37
1000	1001	187	24435	2.4443114480622	0.90268058113362	59	ChEMBL37
1000	1013	155	24423	2.8246789959151	0.950333701838431	60	ChEMBL37
1000	5976	48	19460	2.27374562111919	0.867574511819116	61	ChEMBL37
1000	1272	128	24164	2.01308826174107	0.818573083926502	62	ChEMBL37
1000	5652	3	19784	2.28009783045159	0.86959158916296	63	ChEMBL37
1000	1004	162	24432	2.30186617548829	0.879502292075966	64	ChEMBL37
1000	1296	102	24140	2.41084086245474	0.897141673570837	65	ChEMBL37
1000	1002	145	24434	2.50041825096529	0.911393959237129	66	ChEMBL37
1000	1012	136	24424	2.66074055108889	0.933467081559122	67	ChEMBL37
1000	1026	179	24410	2.46267317558119	0.905735354362966	68	ChEMBL37
1000	1018	159	24418	2.37458744848796	0.891268736178229	69	ChEMBL37
1000	1004	204	24432	2.89301313825766	0.956000327439424	70	ChEMBL37
1000	1001	185	24435	2.67060639002202	0.934561080417434	71	ChEMBL37
1000	1001	168	24435	2.69678236543581	0.938285246572539	72	ChEMBL37
1000	1014	168	24422	2.58790531733888	0.923102121038408	73	ChEMBL37
1000	1005	143	24431	2.53063471882366	0.915558102410871	74	ChEMBL37
1000	1000	194	24436	2.66349595988661	0.933786217056801	75	ChEMBL37
1000	1005	103	24431	2.0127325660103	0.819286971470673	76	ChEMBL37
1000	1020	172	24416	2.39313026079445	0.89437254259502	77	ChEMBL37
1000	1001	191	24435	2.49455095301076	0.910579087374668	78	ChEMBL37
1000	2028	142	23408	2.73797868380598	0.944420710868079	79	ChEMBL37
1000	1103	14	24333	2.88886871139664	0.955903505527473	80	ChEMBL37
1000	1035	120	24401	2.50671006171356	0.912052784721938	81	ChEMBL37
1000	1001	173	24435	2.62523986121038	0.928545119705341	82	ChEMBL37
1000	5814	42	19622	2.29572373550157	0.87289776781164	83	ChEMBL37
1000	1767	92	23669	2.80120813225821	0.949934513498669	84	ChEMBL37
1000	1010	174	24426	2.53795559843985	0.916891836567592	85	ChEMBL37
1000	1033	160	24403	2.37529885871683	0.8913658156784	86	ChEMBL37
1000	1322	26	24114	2.83374570733919	0.951563407149374	87	ChEMBL37
1000	1000	161	24436	2.36867475838829	0.890325748895073	88	ChEMBL37
1000	1483	41	23953	2.7670290493086	0.946144533043878	89	ChEMBL37
1000	1020	123	24416	2.4415349274211	0.902195281782438	90	ChEMBL37
1000	1004	145	24432	2.36000020247116	0.888998035363458	91	ChEMBL37
1000	1004	152	24432	2.26351113719755	0.871561886051081	92	ChEMBL37
1000	1777	102	23659	2.78032394862574	0.947799991546557	93	ChEMBL37
1000	1026	116	24410	2.63351895608384	0.929987709954936	94	ChEMBL37
1000	1001	85	24435	2.80411134367969	0.948762021690199	95	ChEMBL37
1000	1000	193	24436	2.60807044928585	0.925765264364053	96	ChEMBL37
1000	6247	119	19189	2.29763131523402	0.872895929959873	97	ChEMBL37
1000	6206	81	19230	2.26965108726328	0.866042641705668	98	ChEMBL37
1000	1047	101	24389	2.44798010498045	0.903153060806101	99	ChEMBL37
1000	1000	103	24436	3.14334629464833	0.974914061221149	100	ChEMBL37
2500	2500	411	22936	2.45068851101414	0.903732124171608	1	ChEMBL37
2500	2501	346	22935	2.61210101680525	0.928188358404186	2	ChEMBL37
2500	2503	292	22933	2.43679813253463	0.901277634849344	3	ChEMBL37
2500	2500	413	22936	2.55621304443644	0.920823160097663	4	ChEMBL37
2500	2501	371	22935	2.37518810161271	0.89077828646174	5	ChEMBL37
2500	2505	226	22931	2.72544180332714	0.943962321747852	6	ChEMBL37
2500	2589	428	22847	2.51154177061712	0.913993084431216	7	ChEMBL37
2500	2515	410	22921	2.43909497136149	0.901793115483618	8	ChEMBL37
2500	2501	353	22935	2.27393616958614	0.872596468279922	9	ChEMBL37
2500	2500	393	22936	2.49019716066448	0.910577258458319	10	ChEMBL37
2500	7959	213	17477	2.40856430993592	0.895519826057104	11	ChEMBL37
2500	2595	334	22841	2.60150107516234	0.926710739459743	12	ChEMBL37
2500	2505	319	22931	2.59898304443399	0.926038986524792	13	ChEMBL37
2500	2504	361	22932	2.53795559843985	0.917974882260597	14	ChEMBL37
2500	2548	231	22888	2.73651236723649	0.945386228591402	15	ChEMBL37
2500	2510	215	22926	2.71529795811366	0.942990491145424	16	ChEMBL37
2500	2503	331	22933	2.38659190240607	0.892949025421881	17	ChEMBL37
2500	2503	351	22933	2.47149435615806	0.907862032878385	18	ChEMBL37
2500	5995	51	19441	2.28764994874286	0.870839977367419	19	ChEMBL37
2500	2554	262	22882	2.78032394862574	0.949436238091076	20	ChEMBL37
2500	5924	39	19512	2.28764994874286	0.870951209512095	21	ChEMBL37
2500	2501	357	22935	2.52136405223869	0.915238718116416	22	ChEMBL37
2500	7516	278	17920	2.37730909750744	0.888783482142857	23	ChEMBL37
2500	2505	139	22931	2.69935439202283	0.94108412193101	24	ChEMBL37
2500	7654	282	17782	2.29464626664915	0.869868406253515	25	ChEMBL37
2500	2586	328	22850	2.5002970217619	0.912122538293217	26	ChEMBL37
2500	2742	272	22694	2.65030012722181	0.934740460033489	27	ChEMBL37
2500	2500	339	22936	2.59330012435589	0.925401116149285	28	ChEMBL37
2500	2636	225	22800	2.74558573653529	0.946315789473684	29	ChEMBL37
2500	2509	192	22927	2.66074055108889	0.935665372704671	30	ChEMBL37
2500	2503	367	22933	2.45109016110832	0.904024767801858	31	ChEMBL37
2500	3390	319	22046	2.65990199994918	0.936950013607911	32	ChEMBL37
2500	2500	344	22936	2.55453836642928	0.920517963027555	33	ChEMBL37
2500	2500	254	22936	2.26702249729779	0.870596442274154	34	ChEMBL37
2500	6651	171	18785	2.31764263652371	0.876763375033271	35	ChEMBL37
2500	2506	417	22930	2.29307299386557	0.876406454426516	36	ChEMBL37
2500	2500	311	22936	2.50855274417995	0.913280432507848	37	ChEMBL37
2500	2752	282	22684	2.63229521359562	0.93206665491095	38	ChEMBL37
2500	2514	398	22922	2.5317236384606	0.916848442544281	39	ChEMBL37
2500	3038	264	22398	2.73416651117802	0.946245200464327	40	ChEMBL37
2500	2500	404	22936	2.48083516503848	0.909312870596442	41	ChEMBL37
2500	6587	156	18849	2.26587006950684	0.863706297416309	42	ChEMBL37
2500	7569	279	17867	2.3298447704878	0.878099289192366	43	ChEMBL37
2500	2521	385	22915	2.47854693438273	0.909142483089679	44	ChEMBL37
2500	2500	408	22936	2.59238698516975	0.925183118242065	45	ChEMBL37
2500	4308	207	21128	2.27295218578864	0.869840969329799	46	ChEMBL37
2500	2501	295	22935	2.39640409632889	0.894702419882276	47	ChEMBL37
2500	7961	351	17475	2.3298155335123	0.877539341917024	48	ChEMBL37
2500	2501	309	22935	2.50729850142377	0.912927839546544	49	ChEMBL37
2500	2610	285	22826	2.51260154856628	0.914133006220976	50	ChEMBL37
2500	2500	321	22936	2.51552707978278	0.914414021625392	51	ChEMBL37
2500	2502	366	22934	2.5317236384606	0.916848347431761	52	ChEMBL37
2500	2501	373	22935	2.54433929105731	0.918814039677349	53	ChEMBL37
2500	2507	425	22929	2.52477184852511	0.915609054036373	54	ChEMBL37
2500	6847	216	18589	2.31932731560901	0.876808865458067	55	ChEMBL37
2500	2503	366	22933	2.59596495175475	0.925652989142284	56	ChEMBL37
2500	2501	398	22935	2.57973044295132	0.923697405711794	57	ChEMBL37
2500	5776	28	19660	2.28074632399276	0.869532044760936	58	ChEMBL37
2500	6923	211	18513	2.29362333736925	0.870847512558743	59	ChEMBL37
2500	2518	429	22918	2.52785188922763	0.916135788463217	60	ChEMBL37
2500	2500	219	22936	2.65648098556145	0.935123822811301	61	ChEMBL37
2500	2508	141	22928	2.62592565536779	0.930608862526169	62	ChEMBL37
2500	3548	67	21888	2.21965101363295	0.858872441520468	63	ChEMBL37
2500	2505	373	22931	2.49922418187093	0.911996860145654	64	ChEMBL37
2500	2520	407	22916	2.47533138111639	0.908491883400244	65	ChEMBL37
2500	3491	359	21945	2.71120398314431	0.94440647072226	66	ChEMBL37
2500	2504	332	22932	2.48704610748272	0.910169195883481	67	ChEMBL37
2500	2565	354	22871	2.39283011236801	0.893883083380701	68	ChEMBL37
2500	2502	169	22934	2.74689940963308	0.94619342460975	69	ChEMBL37
2500	2500	355	22936	2.34917150871787	0.886510289501221	70	ChEMBL37
2500	2533	414	22903	2.51486762569009	0.914334366676855	71	ChEMBL37
2500	2541	432	22895	2.59933275392297	0.926184756497052	72	ChEMBL37
2500	2576	355	22860	2.44213861717537	0.90249343832021	73	ChEMBL37
2500	2759	244	22677	2.66898126290649	0.937072805044759	74	ChEMBL37
2500	5814	30	19622	2.31224165536851	0.876923860972378	75	ChEMBL37
2500	2506	313	22930	2.53640400280522	0.917924116877453	76	ChEMBL37
2500	3532	83	21904	2.27348115444446	0.871119430241052	77	ChEMBL37
2500	2524	277	22912	2.24770547552808	0.86653282122905	78	ChEMBL37
2500	2511	161	22925	2.82957444324111	0.954067611777535	79	ChEMBL37
2500	2552	343	22884	2.25885305411104	0.868860339101556	80	ChEMBL37
2500	2500	377	22936	2.61054511659877	0.927799093128706	81	ChEMBL37
2500	2502	328	22934	2.21273902711943	0.859422691200837	82	ChEMBL37
2500	2801	293	22635	2.82883264725748	0.954583609454385	83	ChEMBL37
2500	4582	237	20854	2.26732640939621	0.867747194782776	84	ChEMBL37
2500	2516	352	22920	2.44860473605333	0.903490401396161	85	ChEMBL37
2500	7312	261	18124	2.36290118939743	0.885676451114544	86	ChEMBL37
2500	2500	336	22936	2.35323908269153	0.887120683641437	87	ChEMBL37
2500	2501	294	22935	2.31043581557438	0.88000872029649	88	ChEMBL37
2500	2524	396	22912	2.36396132603887	0.888879189944134	89	ChEMBL37
2500	8037	333	17399	2.34069304709213	0.879590781079372	90	ChEMBL37
2500	2533	380	22903	2.47084979260431	0.907697681526438	91	ChEMBL37
2500	2854	254	22582	2.69123945530455	0.940749269329554	92	ChEMBL37
2500	2527	248	22909	2.3467640051328	0.886070976472129	93	ChEMBL37
2500	3064	1	22372	2.19196160017354	0.853701054890041	94	ChEMBL37
2500	2500	387	22936	2.43013535758144	0.899895361004534	95	ChEMBL37
2500	5971	47	19465	2.28595207090212	0.870690983817108	96	ChEMBL37
2500	2521	305	22915	2.47868436982057	0.9091861226271	97	ChEMBL37
2500	3499	356	21937	2.6522543426888	0.936135296530975	98	ChEMBL37
2500	2513	391	22923	2.53277674946034	0.91728831304803	99	ChEMBL37
2500	7460	193	17976	2.31713916673377	0.875667556742323	100	ChEMBL37
5000	5003	549	20433	2.53312088049567	0.919590857925904	1	ChEMBL37
5000	5006	540	20430	2.60949424687311	0.930934899657367	2	ChEMBL37
5000	6833	577	18603	2.3753081291544	0.888727624576681	3	ChEMBL37
5000	6624	385	18812	2.53358268379316	0.921379970231767	4	ChEMBL37
5000	5006	544	20430	2.59087772824682	0.928046989720998	5	ChEMBL37
5000	5003	651	20433	2.74000059031281	0.951157441393824	6	ChEMBL37
5000	5401	606	20035	2.61797407797971	0.933366608435238	7	ChEMBL37
5000	5938	452	19498	2.28413337685753	0.870345676479639	8	ChEMBL37
5000	5012	730	20424	2.35220267732619	0.885379945162554	9	ChEMBL37
5000	5042	755	20394	2.59688136792735	0.928949691085613	10	ChEMBL37
5000	5439	341	19997	2.31050883284651	0.87713156973546	11	ChEMBL37
5000	5842	9	19594	2.28209941822685	0.870164336021231	12	ChEMBL37
5000	7607	248	17829	2.31673282267118	0.875315497223624	13	ChEMBL37
5000	5001	195	20435	2.279930842529	0.870516271103499	14	ChEMBL37
5000	5397	272	20039	2.27204153088284	0.867957482908329	15	ChEMBL37
5000	5002	686	20434	2.56209970171598	0.923999216991289	16	ChEMBL37
5000	8139	354	17297	2.2462962243807	0.855235011851766	17	ChEMBL37
5000	5741	17	19695	2.28764994874286	0.871236354404671	18	ChEMBL37
5000	5002	723	20434	2.47084979260431	0.908632671038465	19	ChEMBL37
5000	5000	555	20436	2.62201006722833	0.93369543942063	20	ChEMBL37
5000	8240	354	17196	2.34147900593034	0.879681321237497	21	ChEMBL37
5000	5002	689	20434	2.6522543426888	0.938778506410884	22	ChEMBL37
5000	5002	661	20434	2.46420285037957	0.9073113438387	23	ChEMBL37
5000	7416	293	18020	2.30990858116475	0.874195338512764	24	ChEMBL37
5000	5894	48	19542	2.29715572614591	0.873145020980452	25	ChEMBL37
5000	7165	657	18271	2.29565569762138	0.870833561381424	26	ChEMBL37
5000	5756	684	19680	2.65990199994918	0.941361788617886	27	ChEMBL37
5000	5928	697	19508	2.59238698516975	0.929567356981751	28	ChEMBL37
5000	5247	543	20189	2.51797240174374	0.916835900738026	29	ChEMBL37
5000	5110	660	20326	2.46932352636635	0.908442389058349	30	ChEMBL37
5000	5009	659	20427	2.53888288332635	0.920350516473295	31	ChEMBL37
5000	5019	711	20417	2.52392916854326	0.917519713963854	32	ChEMBL37
5000	5006	555	20430	2.44395701468545	0.903083700440529	33	ChEMBL37
5000	5012	557	20424	2.6103890255221	0.931159420289855	34	ChEMBL37
5000	5030	251	20406	2.36643307986497	0.888023130451828	35	ChEMBL37
5000	6595	150	18841	2.29620192860656	0.871875165861685	36	ChEMBL37
5000	5656	702	19780	2.61584716113092	0.933468149646107	37	ChEMBL37
5000	5545	432	19891	2.40590611344436	0.895530641998894	38	ChEMBL37
5000	5466	337	19970	2.25832286542071	0.864246369554332	39	ChEMBL37
5000	10474	594	14962	2.38595189397043	0.889052265739874	40	ChEMBL37
5000	5011	678	20425	2.4440219080691	0.903157894736842	41	ChEMBL37
5000	5061	647	20375	2.64035554259899	0.937079754601227	42	ChEMBL37
5000	5006	780	20430	2.47426761312031	0.909251101321586	43	ChEMBL37
5000	6247	57	19189	2.24203601037009	0.858877481890666	44	ChEMBL37
5000	6680	161	18756	2.33998633787806	0.88105139688633	45	ChEMBL37
5000	5010	568	20426	2.58669440443046	0.927347498286498	46	ChEMBL37
5000	5943	58	19493	2.29603978833434	0.872774842251065	47	ChEMBL37
5000	5004	247	20432	2.26178178161171	0.865700861393892	48	ChEMBL37
5000	5000	258	20436	2.23755828105893	0.860442356625563	49	ChEMBL37
5000	5016	827	20420	2.50094212513597	0.913761018609207	50	ChEMBL37
5000	6208	66	19228	2.2900551279771	0.870969419596422	51	ChEMBL37
5000	5015	735	20421	2.47340379213846	0.909162137015817	52	ChEMBL37
5000	5007	583	20429	2.6159474187564	0.932497919624064	53	ChEMBL37
5000	7952	345	17484	2.39749119460843	0.893273850377488	54	ChEMBL37
5000	5000	694	20436	2.5900848156705	0.927970248580936	55	ChEMBL37
5000	7061	426	18375	2.4570674763748	0.906068027210884	56	ChEMBL37
5000	5022	488	20414	2.58757265286381	0.927598706769864	57	ChEMBL37
5000	5002	567	20434	2.50712803764224	0.914456298326319	58	ChEMBL37
5000	5012	381	20424	2.24717177983411	0.862220916568743	59	ChEMBL37
5000	5014	708	20422	2.43261268386545	0.900548428165704	60	ChEMBL37
5000	5000	713	20436	2.46829857501558	0.908005480524564	61	ChEMBL37
5000	5000	711	20436	2.506367169485	0.914366803679781	62	ChEMBL37
5000	5002	671	20434	2.63452316471055	0.936037975922482	63	ChEMBL37
5000	5090	283	20346	2.30615791288348	0.876191880467905	64	ChEMBL37
5000	7073	228	18363	2.28074632399276	0.867396394924577	65	ChEMBL37
5000	9256	533	16180	2.31475743514822	0.872620519159456	66	ChEMBL37
5000	5004	614	20432	2.33919359100682	0.882341425215348	67	ChEMBL37
5000	5063	671	20373	2.70528580124514	0.947184999754577	68	ChEMBL37
5000	6694	155	18742	2.30929928969124	0.875040017073952	69	ChEMBL37
5000	5001	729	20435	2.486339458686	0.911377538536824	70	ChEMBL37
5000	8437	346	16999	2.34325872406142	0.880110594740867	71	ChEMBL37
5000	5003	530	20433	2.58675496994495	0.927372387804042	72	ChEMBL37
5000	5010	472	20426	2.61017660067805	0.931068246352688	73	ChEMBL37
5000	5067	593	20369	2.60660143076411	0.930728067160882	74	ChEMBL37
5000	9809	602	15627	2.29279409857313	0.865233250143982	75	ChEMBL37
5000	5013	603	20423	2.67068275761238	0.941389609753709	76	ChEMBL37
5000	5216	295	20220	2.3351966392571	0.881404549950544	77	ChEMBL37
5000	5016	578	20420	2.57397997320005	0.925710088148874	78	ChEMBL37
5000	5000	717	20436	2.4440219080691	0.903161088275592	79	ChEMBL37
5000	5001	604	20435	2.3300706681009	0.880890628823098	80	ChEMBL37
5000	5002	525	20434	2.64351424925119	0.93755505529999	81	ChEMBL37
5000	5242	223	20194	2.20529117656146	0.85198573833812	82	ChEMBL37
5000	5011	672	20425	2.43526676678426	0.901150550795594	83	ChEMBL37
5000	10016	548	15420	2.41760013637824	0.897405966277562	84	ChEMBL37
5000	5001	758	20435	2.54381741330012	0.921066797161732	85	ChEMBL37
5000	5058	720	20378	2.48883936696365	0.911669447443321	86	ChEMBL37
5000	5035	174	20401	2.22332882325624	0.856526640850939	87	ChEMBL37
5000	6369	96	19067	2.29213260148535	0.871400849635496	88	ChEMBL37
5000	9764	627	15672	2.35323908269153	0.881125574272588	89	ChEMBL37
5000	5006	704	20430	2.52984060093944	0.918404307391092	90	ChEMBL37
5000	5003	770	20433	2.59845038711084	0.929085303186022	91	ChEMBL37
5000	9461	628	15975	2.37584709764207	0.887073552425665	92	ChEMBL37
5000	5051	737	20385	2.49859161162178	0.913318616629875	93	ChEMBL37
5000	5996	626	19440	2.51089351602681	0.91630658436214	94	ChEMBL37
5000	5002	710	20434	2.4908208084582	0.912156210237839	95	ChEMBL37
5000	6499	611	18937	2.39693271222605	0.893700163700692	96	ChEMBL37
5000	5040	509	20396	2.69120174177821	0.94508727201412	97	ChEMBL37
5000	5001	654	20435	2.41410646557826	0.897333007095669	98	ChEMBL37
5000	5015	510	20421	2.54129261400849	0.920620929435385	99	ChEMBL37
5000	5001	611	20435	2.44684580920714	0.903547834597504	100	ChEMBL37
