source	pkd	density
ChEMBL37	0	0
ChEMBL37	0.0273972602739726	0
ChEMBL37	0.0547945205479452	0
ChEMBL37	0.0821917808219178	0
ChEMBL37	0.10958904109589	0
ChEMBL37	0.136986301369863	0
ChEMBL37	0.164383561643836	0
ChEMBL37	0.191780821917808	6.74094320040923e-18
ChEMBL37	0.219178082191781	3.6718366570753e-18
ChEMBL37	0.246575342465753	0
ChEMBL37	0.273972602739726	0
ChEMBL37	0.301369863013699	0
ChEMBL37	0.328767123287671	0
ChEMBL37	0.356164383561644	0
ChEMBL37	0.383561643835616	0
ChEMBL37	0.410958904109589	0
ChEMBL37	0.438356164383562	0
ChEMBL37	0.465753424657534	0
ChEMBL37	0.493150684931507	0
ChEMBL37	0.520547945205479	2.11647761561333e-18
ChEMBL37	0.547945205479452	4.36917653437627e-18
ChEMBL37	0.575342465753425	2.98050935681451e-18
ChEMBL37	0.602739726027397	7.57524471151007e-18
ChEMBL37	0.63013698630137	3.31564528444637e-17
ChEMBL37	0.657534246575342	9.11602967713446e-17
ChEMBL37	0.684931506849315	2.66195946076269e-16
ChEMBL37	0.712328767123288	7.87922863022481e-16
ChEMBL37	0.73972602739726	2.45331614050221e-15
ChEMBL37	0.767123287671233	7.64010446722239e-15
ChEMBL37	0.794520547945206	2.29087669135463e-14
ChEMBL37	0.821917808219178	6.64266880667725e-14
ChEMBL37	0.849315068493151	1.86320921266315e-13
ChEMBL37	0.876712328767123	5.05372899335423e-13
ChEMBL37	0.904109589041096	1.32515982949365e-12
ChEMBL37	0.931506849315068	3.35788503641823e-12
ChEMBL37	0.958904109589041	8.21853820108519e-12
ChEMBL37	0.986301369863014	1.94183213595581e-11
ChEMBL37	1.01369863013699	4.57854051508277e-11
ChEMBL37	1.04109589041096	1.1047794178928e-10
ChEMBL37	1.06849315068493	2.58659868634547e-10
ChEMBL37	1.0958904109589	5.87687225939708e-10
ChEMBL37	1.12328767123288	1.29599983255449e-09
ChEMBL37	1.15068493150685	2.77463994922767e-09
ChEMBL37	1.17808219178082	5.76874241682147e-09
ChEMBL37	1.20547945205479	1.16517715079735e-08
ChEMBL37	1.23287671232877	2.28739848179648e-08
ChEMBL37	1.26027397260274	4.36695160019479e-08
ChEMBL37	1.28767123287671	8.11332856267883e-08
ChEMBL37	1.31506849315068	1.49379623010633e-07
ChEMBL37	1.34246575342466	2.7369390515039e-07
ChEMBL37	1.36986301369863	4.87825102845105e-07
ChEMBL37	1.3972602739726	8.46216485219139e-07
ChEMBL37	1.42465753424658	1.42933624495835e-06
ChEMBL37	1.45205479452055	2.35214515735245e-06
ChEMBL37	1.47945205479452	3.77341261905279e-06
ChEMBL37	1.50684931506849	5.90511303505235e-06
ChEMBL37	1.53424657534247	9.0207841026433e-06
ChEMBL37	1.56164383561644	1.34613941151823e-05
ChEMBL37	1.58904109589041	1.96369808778203e-05
ChEMBL37	1.61643835616438	2.81782036323313e-05
ChEMBL37	1.64383561643836	3.97189481289809e-05
ChEMBL37	1.67123287671233	5.46772500559243e-05
ChEMBL37	1.6986301369863	7.35639455326065e-05
ChEMBL37	1.72602739726027	9.68088684360027e-05
ChEMBL37	1.75342465753425	0.000124713912151567
ChEMBL37	1.78082191780822	0.000157411469562621
ChEMBL37	1.80821917808219	0.000194834521212016
ChEMBL37	1.83561643835616	0.000236704294749192
ChEMBL37	1.86301369863014	0.000282540380535299
ChEMBL37	1.89041095890411	0.000331696474216352
ChEMBL37	1.91780821917808	0.000383525968226609
ChEMBL37	1.94520547945205	0.000437129356293599
ChEMBL37	1.97260273972603	0.000491802376707034
ChEMBL37	2	0.000547232170621371
ChEMBL37	2.02739726027397	0.000603457763666537
ChEMBL37	2.05479452054795	0.000660930373223951
ChEMBL37	2.08219178082192	0.00072053841986376
ChEMBL37	2.10958904109589	0.000783592179884982
ChEMBL37	2.13698630136986	0.000851766092698384
ChEMBL37	2.16438356164384	0.000927000099244368
ChEMBL37	2.19178082191781	0.00101136494570056
ChEMBL37	2.21917808219178	0.00110779465133008
ChEMBL37	2.24657534246575	0.00121806142309336
ChEMBL37	2.27397260273973	0.00134287272045127
ChEMBL37	2.3013698630137	0.00148285884411873
ChEMBL37	2.32876712328767	0.00163802617744866
ChEMBL37	2.35616438356164	0.00180777794911396
ChEMBL37	2.38356164383562	0.0019910016017155
ChEMBL37	2.41095890410959	0.00218621452361435
ChEMBL37	2.43835616438356	0.00239175265425664
ChEMBL37	2.46575342465753	0.00260598051756637
ChEMBL37	2.49315068493151	0.0028274971277694
ChEMBL37	2.52054794520548	0.00305574503812647
ChEMBL37	2.54794520547945	0.00329010503810635
ChEMBL37	2.57534246575342	0.00353063269467114
ChEMBL37	2.6027397260274	0.00377804472897177
ChEMBL37	2.63013698630137	0.00403331920532617
ChEMBL37	2.65753424657534	0.00429750401655434
ChEMBL37	2.68493150684932	0.00457151985268964
ChEMBL37	2.71232876712329	0.00485598042290355
ChEMBL37	2.73972602739726	0.00515104900069243
ChEMBL37	2.76712328767123	0.00545634528059195
ChEMBL37	2.79452054794521	0.0057709105093677
ChEMBL37	2.82191780821918	0.00609365321237312
ChEMBL37	2.84931506849315	0.00642182036858941
ChEMBL37	2.87671232876712	0.00675278298043346
ChEMBL37	2.9041095890411	0.00708405164770304
ChEMBL37	2.93150684931507	0.00741317417370006
ChEMBL37	2.95890410958904	0.00773784501974871
ChEMBL37	2.98630136986301	0.00805597496932921
ChEMBL37	3.01369863013699	0.00836571497362026
ChEMBL37	3.04109589041096	0.00866543387069203
ChEMBL37	3.06849315068493	0.00895365558258567
ChEMBL37	3.0958904109589	0.00922896708234646
ChEMBL37	3.12328767123288	0.00948849954649774
ChEMBL37	3.15068493150685	0.00973123212283042
ChEMBL37	3.17808219178082	0.00995564016804577
ChEMBL37	3.20547945205479	0.0101596291196593
ChEMBL37	3.23287671232877	0.0103409743361596
ChEMBL37	3.26027397260274	0.0104974364533745
ChEMBL37	3.28767123287671	0.0106269189025367
ChEMBL37	3.31506849315069	0.0107276662674168
ChEMBL37	3.34246575342466	0.0107985060646921
ChEMBL37	3.36986301369863	0.0108391410519343
ChEMBL37	3.3972602739726	0.0108505035863174
ChEMBL37	3.42465753424658	0.0108333566780159
ChEMBL37	3.45205479452055	0.0107960563247
ChEMBL37	3.47945205479452	0.0107484311131715
ChEMBL37	3.50684931506849	0.0107038906911992
ChEMBL37	3.53424657534247	0.0106807106384243
ChEMBL37	3.56164383561644	0.010702746231752
ChEMBL37	3.58904109589041	0.0107999796636965
ChEMBL37	3.61643835616438	0.0110087865708454
ChEMBL37	3.64383561643836	0.0113717978963394
ChEMBL37	3.67123287671233	0.0119372324137309
ChEMBL37	3.6986301369863	0.0127575859901669
ChEMBL37	3.72602739726027	0.0139246091429963
ChEMBL37	3.75342465753425	0.0154710939322949
ChEMBL37	3.78082191780822	0.0174383896777059
ChEMBL37	3.80821917808219	0.0198611254682882
ChEMBL37	3.83561643835616	0.022759394793239
ChEMBL37	3.86301369863014	0.0261358063875688
ChEMBL37	3.89041095890411	0.0299737159072091
ChEMBL37	3.91780821917808	0.0342369583906176
ChEMBL37	3.94520547945205	0.0388712681247302
ChEMBL37	3.97260273972603	0.0438074055452163
ChEMBL37	4	0.0489658192730809
ChEMBL37	4.02739726027397	0.0542666273465897
ChEMBL37	4.05479452054795	0.0596072840373144
ChEMBL37	4.08219178082192	0.0649193159665638
ChEMBL37	4.10958904109589	0.0701498636234092
ChEMBL37	4.13698630136986	0.0752625398565979
ChEMBL37	4.16438356164384	0.0802372109575572
ChEMBL37	4.19178082191781	0.0850680247822983
ChEMBL37	4.21917808219178	0.0897600580427575
ChEMBL37	4.24657534246575	0.0943250867317527
ChEMBL37	4.27397260273973	0.0987770602642985
ChEMBL37	4.3013698630137	0.103127875829406
ChEMBL37	4.32876712328767	0.107373018447561
ChEMBL37	4.35616438356164	0.111519494278571
ChEMBL37	4.38356164383562	0.115555931132503
ChEMBL37	4.41095890410959	0.11946568500572
ChEMBL37	4.43835616438356	0.123229628884282
ChEMBL37	4.46575342465753	0.126829233839948
ChEMBL37	4.49315068493151	0.130249562138125
ChEMBL37	4.52054794520548	0.133481809348672
ChEMBL37	4.54794520547945	0.13652512378991
ChEMBL37	4.57534246575342	0.139387544126428
ChEMBL37	4.6027397260274	0.14208523906892
ChEMBL37	4.63013698630137	0.144634131429351
ChEMBL37	4.65753424657534	0.147085254979853
ChEMBL37	4.68493150684932	0.149475845311157
ChEMBL37	4.71232876712329	0.151844800093513
ChEMBL37	4.73972602739726	0.154230885802474
ChEMBL37	4.76712328767123	0.156671059842204
ChEMBL37	4.79452054794521	0.159198903588902
ChEMBL37	4.82191780821918	0.161843176651462
ChEMBL37	4.84931506849315	0.16462653566266
ChEMBL37	4.87671232876712	0.167564504218122
ChEMBL37	4.9041095890411	0.170666769021742
ChEMBL37	4.93150684931507	0.173946091878909
ChEMBL37	4.95890410958904	0.177376678980652
ChEMBL37	4.98630136986301	0.180944689003579
ChEMBL37	5.01369863013699	0.184634577068261
ChEMBL37	5.04109589041096	0.188431717578203
ChEMBL37	5.06849315068493	0.192324703453284
ChEMBL37	5.0958904109589	0.196306934850833
ChEMBL37	5.12328767123288	0.200377188739129
ChEMBL37	5.15068493150685	0.204538980865491
ChEMBL37	5.17808219178082	0.20879868339615
ChEMBL37	5.20547945205479	0.213164459828855
ChEMBL37	5.23287671232877	0.217645108157843
ChEMBL37	5.26027397260274	0.222220132037825
ChEMBL37	5.28767123287671	0.226865644137624
ChEMBL37	5.31506849315069	0.231543240988985
ChEMBL37	5.34246575342466	0.2362002528681
ChEMBL37	5.36986301369863	0.240771650574931
ChEMBL37	5.3972602739726	0.24518345132738
ChEMBL37	5.42465753424658	0.249357315860364
ChEMBL37	5.45205479452055	0.25321591162901
ChEMBL37	5.47945205479452	0.256688538177154
ChEMBL37	5.50684931506849	0.259704443340954
ChEMBL37	5.53424657534247	0.262188388021754
ChEMBL37	5.56164383561644	0.264165815608084
ChEMBL37	5.58904109589041	0.265644262575551
ChEMBL37	5.61643835616438	0.266650781339118
ChEMBL37	5.64383561643836	0.267229164640682
ChEMBL37	5.67123287671233	0.267436163481901
ChEMBL37	5.6986301369863	0.267337049518197
ChEMBL37	5.72602739726027	0.26700088294635
ChEMBL37	5.75342465753425	0.266495836424357
ChEMBL37	5.78082191780822	0.265884897978855
ChEMBL37	5.80821917808219	0.265222078477676
ChEMBL37	5.83561643835616	0.264553771789645
ChEMBL37	5.86301369863014	0.263907852171194
ChEMBL37	5.89041095890411	0.263295313278259
ChEMBL37	5.91780821917808	0.262716060304024
ChEMBL37	5.94520547945206	0.262161486953767
ChEMBL37	5.97260273972603	0.261617634592395
ChEMBL37	6	0.261068603648306
ChEMBL37	6.02739726027397	0.260499860295123
ChEMBL37	6.05479452054795	0.259901083363096
ChEMBL37	6.08219178082192	0.259268229190667
ChEMBL37	6.10958904109589	0.258603903982499
ChEMBL37	6.13698630136986	0.257920640554513
ChEMBL37	6.16438356164384	0.257237844664451
ChEMBL37	6.19178082191781	0.256573941945729
ChEMBL37	6.21917808219178	0.255945538638495
ChEMBL37	6.24657534246575	0.25536456497869
ChEMBL37	6.27397260273973	0.254836031185906
ChEMBL37	6.3013698630137	0.254356669673494
ChEMBL37	6.32876712328767	0.253914628727969
ChEMBL37	6.35616438356164	0.253490265314817
ChEMBL37	6.38356164383562	0.253057965756626
ChEMBL37	6.41095890410959	0.25258578171819
ChEMBL37	6.43835616438356	0.252038975614091
ChEMBL37	6.46575342465753	0.251397677703395
ChEMBL37	6.49315068493151	0.250647586438968
ChEMBL37	6.52054794520548	0.24978456235849
ChEMBL37	6.54794520547945	0.248815703727656
ChEMBL37	6.57534246575342	0.247759456689513
ChEMBL37	6.6027397260274	0.24664475415754
ChEMBL37	6.63013698630137	0.245509227395837
ChEMBL37	6.65753424657534	0.244396579179617
ChEMBL37	6.68493150684932	0.243353249498881
ChEMBL37	6.71232876712329	0.242432450936829
ChEMBL37	6.73972602739726	0.241680778396279
ChEMBL37	6.76712328767123	0.241115454566963
ChEMBL37	6.79452054794521	0.240746137332023
ChEMBL37	6.82191780821918	0.240565896951255
ChEMBL37	6.84931506849315	0.240550895977088
ChEMBL37	6.87671232876712	0.240661616748261
ChEMBL37	6.9041095890411	0.240845571182432
ChEMBL37	6.93150684931507	0.241041259648186
ChEMBL37	6.95890410958904	0.241182993619948
ChEMBL37	6.98630136986301	0.241206074595027
ChEMBL37	7.01369863013699	0.241038779917151
ChEMBL37	7.04109589041096	0.240626580602009
ChEMBL37	7.06849315068493	0.239949513893007
ChEMBL37	7.0958904109589	0.238990923357949
ChEMBL37	7.12328767123288	0.237746215796276
ChEMBL37	7.15068493150685	0.23622082481718
ChEMBL37	7.17808219178082	0.234427927919059
ChEMBL37	7.20547945205479	0.232386324031083
ChEMBL37	7.23287671232877	0.230118769215499
ChEMBL37	7.26027397260274	0.227650928219981
ChEMBL37	7.28767123287671	0.225010943883859
ChEMBL37	7.31506849315069	0.222223200372875
ChEMBL37	7.34246575342466	0.219329544787736
ChEMBL37	7.36986301369863	0.216373733495881
ChEMBL37	7.3972602739726	0.213393905121883
ChEMBL37	7.42465753424658	0.210427750536828
ChEMBL37	7.45205479452055	0.207510273428158
ChEMBL37	7.47945205479452	0.204671302081568
ChEMBL37	7.50684931506849	0.20193305842049
ChEMBL37	7.53424657534247	0.199308103115097
ChEMBL37	7.56164383561644	0.196797952980362
ChEMBL37	7.58904109589041	0.194392611212466
ChEMBL37	7.61643835616438	0.192074333430575
ChEMBL37	7.64383561643836	0.189804363846717
ChEMBL37	7.67123287671233	0.187542047134835
ChEMBL37	7.6986301369863	0.185249806517284
ChEMBL37	7.72602739726027	0.182893278684982
ChEMBL37	7.75342465753425	0.180444561730052
ChEMBL37	7.78082191780822	0.177884742303863
ChEMBL37	7.80821917808219	0.175205484086396
ChEMBL37	7.83561643835616	0.172409553733338
ChEMBL37	7.86301369863014	0.169510261229974
ChEMBL37	7.89041095890411	0.166529893149495
ChEMBL37	7.91780821917808	0.163496328215075
ChEMBL37	7.94520547945206	0.160449089669822
ChEMBL37	7.97260273972603	0.157421237451839
ChEMBL37	8	0.154439786462792
ChEMBL37	8.02739726027397	0.151525556393489
ChEMBL37	8.05479452054795	0.14869196671319
ChEMBL37	8.08219178082192	0.145944654712234
ChEMBL37	8.10958904109589	0.143281883304273
ChEMBL37	8.13698630136986	0.140695638494821
ChEMBL37	8.16438356164383	0.138173259253674
ChEMBL37	8.19178082191781	0.135699397511534
ChEMBL37	8.21917808219178	0.133259337607513
ChEMBL37	8.24657534246575	0.130835344095458
ChEMBL37	8.27397260273973	0.128416160865243
ChEMBL37	8.3013698630137	0.125995250849158
ChEMBL37	8.32876712328767	0.12356969675053
ChEMBL37	8.35616438356164	0.121139642967608
ChEMBL37	8.38356164383562	0.118707477765489
ChEMBL37	8.41095890410959	0.116276929705985
ChEMBL37	8.43835616438356	0.113852238456756
ChEMBL37	8.46575342465753	0.11143752609819
ChEMBL37	8.49315068493151	0.10903644440303
ChEMBL37	8.52054794520548	0.106653867414747
ChEMBL37	8.54794520547945	0.104291922033842
ChEMBL37	8.57534246575342	0.101953003484534
ChEMBL37	8.6027397260274	0.0996402061699266
ChEMBL37	8.63013698630137	0.0973569346487171
ChEMBL37	8.65753424657534	0.0951067823341967
ChEMBL37	8.68493150684932	0.0928932978229039
ChEMBL37	8.71232876712329	0.0907196968173522
ChEMBL37	8.73972602739726	0.0885885846801132
ChEMBL37	8.76712328767123	0.086501750531155
ChEMBL37	8.7945205479452	0.0844600794417797
ChEMBL37	8.82191780821918	0.0824677522929234
ChEMBL37	8.84931506849315	0.0805205900449385
ChEMBL37	8.87671232876712	0.0786167984092218
ChEMBL37	8.9041095890411	0.0767554844632698
ChEMBL37	8.93150684931507	0.074935975762867
ChEMBL37	8.95890410958904	0.0731578156115599
ChEMBL37	8.98630136986301	0.0714205960807688
ChEMBL37	9.01369863013699	0.0697236477106008
ChEMBL37	9.04109589041096	0.0680656340686992
ChEMBL37	9.06849315068493	0.0664441247472988
ChEMBL37	9.0958904109589	0.064855239145907
ChEMBL37	9.12328767123288	0.0632952672933231
ChEMBL37	9.15068493150685	0.0617536162435124
ChEMBL37	9.17808219178082	0.0602218297308486
ChEMBL37	9.20547945205479	0.0586919950359685
ChEMBL37	9.23287671232877	0.0571573565904178
ChEMBL37	9.26027397260274	0.0556131496762901
ChEMBL37	9.28767123287671	0.0540571931986464
ChEMBL37	9.31506849315068	0.0524901320163589
ChEMBL37	9.34246575342466	0.0509152687043695
ChEMBL37	9.36986301369863	0.0493379840232702
ChEMBL37	9.3972602739726	0.0477648098734669
ChEMBL37	9.42465753424657	0.0462040284746793
ChEMBL37	9.45205479452055	0.0446598242203974
ChEMBL37	9.47945205479452	0.0431341040100418
ChEMBL37	9.50684931506849	0.0416261429563278
ChEMBL37	9.53424657534246	0.040132801385758
ChEMBL37	9.56164383561644	0.0386492300111884
ChEMBL37	9.58904109589041	0.0371698868558393
ChEMBL37	9.61643835616438	0.0356897206230557
ChEMBL37	9.64383561643836	0.0342053584275776
ChEMBL37	9.67123287671233	0.0327161358466692
ChEMBL37	9.6986301369863	0.0312248265361178
ChEMBL37	9.72602739726027	0.0297399485092518
ChEMBL37	9.75342465753425	0.0282729568058054
ChEMBL37	9.78082191780822	0.0268372182700774
ChEMBL37	9.80821917808219	0.0254469545019511
ChEMBL37	9.83561643835616	0.0241158438986007
ChEMBL37	9.86301369863014	0.022855672083379
ChEMBL37	9.89041095890411	0.0216751764941593
ChEMBL37	9.91780821917808	0.0205792079044147
ChEMBL37	9.94520547945205	0.0195682990842035
ChEMBL37	9.97260273972603	0.0186386906893678
ChEMBL37	10	0.0177832331235788
ChEMBL37	10.027397260274	0.0169959247497408
ChEMBL37	10.0547945205479	0.016256841726549
ChEMBL37	10.0821917808219	0.0155543963767447
ChEMBL37	10.1095890410959	0.0148788059195361
ChEMBL37	10.1369863013699	0.0142230093564127
ChEMBL37	10.1643835616438	0.0135832150763563
ChEMBL37	10.1917808219178	0.0129590432205424
ChEMBL37	10.2191780821918	0.0123532669044702
ChEMBL37	10.2465753424658	0.0117711934841456
ChEMBL37	10.2739726027397	0.0112197595616178
ChEMBL37	10.3013698630137	0.010707031224672
ChEMBL37	10.3287671232877	0.0102443744210959
ChEMBL37	10.3561643835616	0.00983203848312129
ChEMBL37	10.3835616438356	0.00947113593444528
ChEMBL37	10.4109589041096	0.00915959767854137
ChEMBL37	10.4383561643836	0.00889226047502834
ChEMBL37	10.4657534246575	0.00866127726928071
ChEMBL37	10.4931506849315	0.00845678669559219
ChEMBL37	10.5205479452055	0.0082677558231875
ChEMBL37	10.5479452054795	0.00808289711522207
ChEMBL37	10.5753424657534	0.00789155729019171
ChEMBL37	10.6027397260274	0.00768402786410131
ChEMBL37	10.6301369863014	0.00745065261460188
ChEMBL37	10.6575342465753	0.0071888702206987
ChEMBL37	10.6849315068493	0.00689687445600641
ChEMBL37	10.7123287671233	0.00657482983234289
ChEMBL37	10.7397260273973	0.00622454622720755
ChEMBL37	10.7671232876712	0.0058491385636753
ChEMBL37	10.7945205479452	0.00545271133521735
ChEMBL37	10.8219178082192	0.00504009039907329
ChEMBL37	10.8493150684932	0.00461660787538234
ChEMBL37	10.8767123287671	0.0041879317674496
ChEMBL37	10.9041095890411	0.00376011190115337
ChEMBL37	10.9315068493151	0.0033403896509211
ChEMBL37	10.958904109589	0.00293434973570907
ChEMBL37	10.986301369863	0.00254722659839351
ChEMBL37	11.013698630137	0.00218363518277474
ChEMBL37	11.041095890411	0.00184739278873109
ChEMBL37	11.0684931506849	0.00154137854864072
ChEMBL37	11.0958904109589	0.0012674446664978
ChEMBL37	11.1232876712329	0.00102638784644454
ChEMBL37	11.1506849315068	0.000817983100999613
ChEMBL37	11.1780821917808	0.00064107593055439
ChEMBL37	11.2054794520548	0.000494565506964685
ChEMBL37	11.2328767123288	0.00037668808412143
ChEMBL37	11.2602739726027	0.000282031785421703
ChEMBL37	11.2876712328767	0.00020742990874406
ChEMBL37	11.3150684931507	0.000149757050949738
ChEMBL37	11.3424657534247	0.000106052431527085
ChEMBL37	11.3698630136986	7.36104422403857e-05
ChEMBL37	11.3972602739726	5.00390422820916e-05
ChEMBL37	11.4246575342466	3.32886655094638e-05
ChEMBL37	11.4520547945205	2.1655829951567e-05
ChEMBL37	11.4794520547945	1.37666353778295e-05
ChEMBL37	11.5068493150685	8.61269704112146e-06
ChEMBL37	11.5342465753425	5.34762057571349e-06
ChEMBL37	11.5616438356164	3.24595832920476e-06
ChEMBL37	11.5890410958904	1.92453504787603e-06
ChEMBL37	11.6164383561644	1.11369729691746e-06
ChEMBL37	11.6438356164384	6.28561704802048e-07
ChEMBL37	11.6712328767123	3.45760343739016e-07
ChEMBL37	11.6986301369863	1.85260937949483e-07
ChEMBL37	11.7260273972603	9.66355823328649e-08
ChEMBL37	11.7534246575342	4.90484811830451e-08
ChEMBL37	11.7808219178082	2.42139936972755e-08
ChEMBL37	11.8082191780822	1.18843337100357e-08
ChEMBL37	11.8356164383562	5.86418090244809e-09
ChEMBL37	11.8630136986301	2.8103971452544e-09
ChEMBL37	11.8904109589041	1.30756469603733e-09
ChEMBL37	11.9178082191781	5.90401179550198e-10
ChEMBL37	11.9452054794521	2.58648844391381e-10
ChEMBL37	11.972602739726	1.0991928158537e-10
ChEMBL37	12	4.53087064322938e-11
ChEMBL37	12.027397260274	1.81132742266037e-11
ChEMBL37	12.0547945205479	7.02259642842956e-12
ChEMBL37	12.0821917808219	2.64040395627701e-12
ChEMBL37	12.1095890410959	1.01103345629723e-12
ChEMBL37	12.1369863013699	3.95280968834752e-13
ChEMBL37	12.1643835616438	1.48501007493496e-13
ChEMBL37	12.1917808219178	5.37132247520766e-14
ChEMBL37	12.2191780821918	1.87322847306964e-14
ChEMBL37	12.2465753424658	6.30023926328627e-15
ChEMBL37	12.2739726027397	2.03787982008314e-15
ChEMBL37	12.3013698630137	6.21747946404962e-16
ChEMBL37	12.3287671232877	1.64889926017283e-16
ChEMBL37	12.3561643835616	3.59581073032634e-17
ChEMBL37	12.3835616438356	0
ChEMBL37	12.4109589041096	0
ChEMBL37	12.4383561643836	0
ChEMBL37	12.4657534246575	0
ChEMBL37	12.4931506849315	0
ChEMBL37	12.5205479452055	0
ChEMBL37	12.5479452054795	0
ChEMBL37	12.5753424657534	0
ChEMBL37	12.6027397260274	0
ChEMBL37	12.6301369863014	0
ChEMBL37	12.6575342465753	0
ChEMBL37	12.6849315068493	0
ChEMBL37	12.7123287671233	0
ChEMBL37	12.7397260273973	0
ChEMBL37	12.7671232876712	0
ChEMBL37	12.7945205479452	0
ChEMBL37	12.8219178082192	0
ChEMBL37	12.8493150684932	0
ChEMBL37	12.8767123287671	0
ChEMBL37	12.9041095890411	0
ChEMBL37	12.9315068493151	0
ChEMBL37	12.958904109589	0
ChEMBL37	12.986301369863	0
ChEMBL37	13.013698630137	0
ChEMBL37	13.041095890411	0
ChEMBL37	13.0684931506849	0
ChEMBL37	13.0958904109589	4.6435613902784e-18
ChEMBL37	13.1232876712329	2.92936941516474e-18
ChEMBL37	13.1506849315068	0
ChEMBL37	13.1780821917808	4.112176028505e-18
ChEMBL37	13.2054794520548	1.56768753161961e-17
ChEMBL37	13.2328767123288	2.84922640569279e-17
ChEMBL37	13.2602739726027	2.74479926528038e-17
ChEMBL37	13.2876712328767	0
ChEMBL37	13.3150684931507	0
ChEMBL37	13.3424657534247	0
ChEMBL37	13.3698630136986	0
ChEMBL37	13.3972602739726	0
ChEMBL37	13.4246575342466	3.97401247575269e-18
ChEMBL37	13.4520547945205	3.5989183296904e-18
ChEMBL37	13.4794520547945	0
ChEMBL37	13.5068493150685	0
ChEMBL37	13.5342465753425	0
ChEMBL37	13.5616438356164	0
ChEMBL37	13.5890410958904	0
ChEMBL37	13.6164383561644	0
ChEMBL37	13.6438356164384	0
ChEMBL37	13.6712328767123	0
ChEMBL37	13.6986301369863	0
ChEMBL37	13.7260273972603	0
ChEMBL37	13.7534246575342	0
ChEMBL37	13.7808219178082	0
ChEMBL37	13.8082191780822	0
ChEMBL37	13.8356164383562	0
ChEMBL37	13.8630136986301	0
ChEMBL37	13.8904109589041	0
ChEMBL37	13.9178082191781	0
ChEMBL37	13.9452054794521	0
ChEMBL37	13.972602739726	0
ChEMBL37	14	0
BioLiP/MOAD	0	0.000732863324451897
BioLiP/MOAD	0.0273972602739726	0.000742058533792157
BioLiP/MOAD	0.0547945205479452	0.000749322240734763
BioLiP/MOAD	0.0821917808219178	0.000754842475763446
BioLiP/MOAD	0.10958904109589	0.000758852805984037
BioLiP/MOAD	0.136986301369863	0.00076157857249426
BioLiP/MOAD	0.164383561643836	0.000763511914334795
BioLiP/MOAD	0.191780821917808	0.000765393944083723
BioLiP/MOAD	0.219178082191781	0.000767757652054368
BioLiP/MOAD	0.246575342465753	0.000771183372096024
BioLiP/MOAD	0.273972602739726	0.000776298457100804
BioLiP/MOAD	0.301369863013699	0.000784849034767135
BioLiP/MOAD	0.328767123287671	0.000797253764060022
BioLiP/MOAD	0.356164383561644	0.000814314816919097
BioLiP/MOAD	0.383561643835616	0.000836914036139251
BioLiP/MOAD	0.410958904109589	0.000865966068262131
BioLiP/MOAD	0.438356164383562	0.000904071868725669
BioLiP/MOAD	0.465753424657534	0.00095232960458292
BioLiP/MOAD	0.493150684931507	0.00101086902075672
BioLiP/MOAD	0.520547945205479	0.00108072723892244
BioLiP/MOAD	0.547945205479452	0.00116294535489356
BioLiP/MOAD	0.575342465753425	0.00125978777395887
BioLiP/MOAD	0.602739726027397	0.00137488781719124
BioLiP/MOAD	0.63013698630137	0.00150627462479125
BioLiP/MOAD	0.657534246575342	0.00165489342929279
BioLiP/MOAD	0.684931506849315	0.00182165080690041
BioLiP/MOAD	0.712328767123288	0.00200741190740163
BioLiP/MOAD	0.73972602739726	0.00221890322584589
BioLiP/MOAD	0.767123287671233	0.00245184180051003
BioLiP/MOAD	0.794520547945206	0.00270637905270384
BioLiP/MOAD	0.821917808219178	0.00298296920578073
BioLiP/MOAD	0.849315068493151	0.00328198291174967
BioLiP/MOAD	0.876712328767123	0.00360781602120333
BioLiP/MOAD	0.904109589041096	0.00395922921914903
BioLiP/MOAD	0.931506849315068	0.00433338825601581
BioLiP/MOAD	0.958904109589041	0.00473009120413889
BioLiP/MOAD	0.986301369863014	0.00514904868105598
BioLiP/MOAD	1.01369863013699	0.00559155723796076
BioLiP/MOAD	1.04109589041096	0.00605979231814477
BioLiP/MOAD	1.06849315068493	0.00654829485675967
BioLiP/MOAD	1.0958904109589	0.00705639091210074
BioLiP/MOAD	1.12328767123288	0.00758339037457155
BioLiP/MOAD	1.15068493150685	0.00812859344820898
BioLiP/MOAD	1.17808219178082	0.00869587197805894
BioLiP/MOAD	1.20547945205479	0.00927993231713645
BioLiP/MOAD	1.23287671232877	0.00987996941017284
BioLiP/MOAD	1.26027397260274	0.0104956626063566
BioLiP/MOAD	1.28767123287671	0.0111268157212604
BioLiP/MOAD	1.31506849315068	0.0117762006107058
BioLiP/MOAD	1.34246575342466	0.0124434656127447
BioLiP/MOAD	1.36986301369863	0.0131274497087797
BioLiP/MOAD	1.3972602739726	0.0138290986358907
BioLiP/MOAD	1.42465753424658	0.0145495768532878
BioLiP/MOAD	1.45205479452055	0.0152920477231055
BioLiP/MOAD	1.47945205479452	0.0160626508851002
BioLiP/MOAD	1.50684931506849	0.0168591408980756
BioLiP/MOAD	1.53424657534247	0.0176839918727416
BioLiP/MOAD	1.56164383561644	0.0185398389906698
BioLiP/MOAD	1.58904109589041	0.0194294697558195
BioLiP/MOAD	1.61643835616438	0.0203675203811105
BioLiP/MOAD	1.64383561643836	0.0213489083130033
BioLiP/MOAD	1.67123287671233	0.0223758395935174
BioLiP/MOAD	1.6986301369863	0.0234513502836807
BioLiP/MOAD	1.72602739726027	0.0245784010502763
BioLiP/MOAD	1.75342465753425	0.0257701502464151
BioLiP/MOAD	1.78082191780822	0.0270277325625258
BioLiP/MOAD	1.80821917808219	0.0283463069985957
BioLiP/MOAD	1.83561643835616	0.0297275592747807
BioLiP/MOAD	1.86301369863014	0.031172865782523
BioLiP/MOAD	1.89041095890411	0.0326882096527148
BioLiP/MOAD	1.91780821917808	0.0342839843444685
BioLiP/MOAD	1.94520547945205	0.0359450592693795
BioLiP/MOAD	1.97260273972603	0.0376705736124668
BioLiP/MOAD	2	0.0394593066610537
BioLiP/MOAD	2.02739726027397	0.0413096822049281
BioLiP/MOAD	2.05479452054795	0.0432348234254133
BioLiP/MOAD	2.08219178082192	0.0452162847015771
BioLiP/MOAD	2.10958904109589	0.0472495013188146
BioLiP/MOAD	2.13698630136986	0.0493312395583451
BioLiP/MOAD	2.16438356164384	0.0514581118504371
BioLiP/MOAD	2.19178082191781	0.0536327635112369
BioLiP/MOAD	2.21917808219178	0.0558474648846629
BioLiP/MOAD	2.24657534246575	0.0580935337607603
BioLiP/MOAD	2.27397260273973	0.0603675476596391
BioLiP/MOAD	2.3013698630137	0.0626662172906835
BioLiP/MOAD	2.32876712328767	0.064987666818185
BioLiP/MOAD	2.35616438356164	0.0673303811758823
BioLiP/MOAD	2.38356164383562	0.069687398405237
BioLiP/MOAD	2.41095890410959	0.0720568732033658
BioLiP/MOAD	2.43835616438356	0.0744372563872835
BioLiP/MOAD	2.46575342465753	0.0768272981266732
BioLiP/MOAD	2.49315068493151	0.079228315387672
BioLiP/MOAD	2.52054794520548	0.0816378627673396
BioLiP/MOAD	2.54794520547945	0.0840559636254793
BioLiP/MOAD	2.57534246575342	0.0864831171373219
BioLiP/MOAD	2.6027397260274	0.0889200478030631
BioLiP/MOAD	2.63013698630137	0.0913698981881631
BioLiP/MOAD	2.65753424657534	0.0938342335748721
BioLiP/MOAD	2.68493150684932	0.0963130994969317
BioLiP/MOAD	2.71232876712329	0.0988079774711137
BioLiP/MOAD	2.73972602739726	0.101320354123435
BioLiP/MOAD	2.76712328767123	0.103853192934047
BioLiP/MOAD	2.79452054794521	0.106411854208806
BioLiP/MOAD	2.82191780821918	0.108992989624943
BioLiP/MOAD	2.84931506849315	0.111597419505855
BioLiP/MOAD	2.87671232876712	0.114225747693171
BioLiP/MOAD	2.9041095890411	0.116878350827365
BioLiP/MOAD	2.93150684931507	0.119561669535906
BioLiP/MOAD	2.95890410958904	0.122269050072422
BioLiP/MOAD	2.98630136986301	0.12499861178024
BioLiP/MOAD	3.01369863013699	0.127748861086621
BioLiP/MOAD	3.04109589041096	0.130517966634103
BioLiP/MOAD	3.06849315068493	0.133305750647151
BioLiP/MOAD	3.0958904109589	0.136106873878759
BioLiP/MOAD	3.12328767123288	0.138915623974216
BioLiP/MOAD	3.15068493150685	0.141728053654237
BioLiP/MOAD	3.17808219178082	0.144539903116922
BioLiP/MOAD	3.20547945205479	0.147345717559827
BioLiP/MOAD	3.23287671232877	0.150135619088463
BioLiP/MOAD	3.26027397260274	0.152905262489892
BioLiP/MOAD	3.28767123287671	0.155648825905847
BioLiP/MOAD	3.31506849315069	0.158360332756181
BioLiP/MOAD	3.34246575342466	0.161033664674983
BioLiP/MOAD	3.36986301369863	0.16364761354456
BioLiP/MOAD	3.3972602739726	0.16620390201641
BioLiP/MOAD	3.42465753424658	0.168697774709476
BioLiP/MOAD	3.45205479452055	0.171123084332443
BioLiP/MOAD	3.47945205479452	0.173473810580709
BioLiP/MOAD	3.50684931506849	0.175729144159872
BioLiP/MOAD	3.53424657534247	0.177883244238671
BioLiP/MOAD	3.56164383561644	0.179942253827111
BioLiP/MOAD	3.58904109589041	0.181901864414092
BioLiP/MOAD	3.61643835616438	0.183758173638064
BioLiP/MOAD	3.64383561643836	0.185500345759949
BioLiP/MOAD	3.67123287671233	0.187105996511088
BioLiP/MOAD	3.6986301369863	0.188598727991865
BioLiP/MOAD	3.72602739726027	0.189977719732404
BioLiP/MOAD	3.75342465753425	0.19124269611529
BioLiP/MOAD	3.78082191780822	0.192393927507164
BioLiP/MOAD	3.80821917808219	0.193403247713958
BioLiP/MOAD	3.83561643835616	0.194299675310285
BioLiP/MOAD	3.86301369863014	0.195090015245639
BioLiP/MOAD	3.89041095890411	0.195777669475555
BioLiP/MOAD	3.91780821917808	0.196366455245399
BioLiP/MOAD	3.94520547945205	0.196846320805059
BioLiP/MOAD	3.97260273972603	0.197227984777754
BioLiP/MOAD	4	0.197529402683042
BioLiP/MOAD	4.02739726027397	0.19775603888468
BioLiP/MOAD	4.05479452054795	0.197913453530124
BioLiP/MOAD	4.08219178082192	0.198003740561233
BioLiP/MOAD	4.10958904109589	0.198025987963206
BioLiP/MOAD	4.13698630136986	0.19800044232819
BioLiP/MOAD	4.16438356164384	0.197932307823313
BioLiP/MOAD	4.19178082191781	0.197826592973675
BioLiP/MOAD	4.21917808219178	0.197688098966579
BioLiP/MOAD	4.24657534246575	0.197515841639839
BioLiP/MOAD	4.27397260273973	0.197321715478555
BioLiP/MOAD	4.3013698630137	0.19711012359962
BioLiP/MOAD	4.32876712328767	0.196884228711476
BioLiP/MOAD	4.35616438356164	0.196646929858635
BioLiP/MOAD	4.38356164383562	0.196400016376783
BioLiP/MOAD	4.41095890410959	0.196147192218658
BioLiP/MOAD	4.43835616438356	0.195891339832353
BioLiP/MOAD	4.46575342465753	0.195634068742876
BioLiP/MOAD	4.49315068493151	0.19537685822345
BioLiP/MOAD	4.52054794520548	0.195121269707557
BioLiP/MOAD	4.54794520547945	0.194869709335619
BioLiP/MOAD	4.57534246575342	0.194622911050572
BioLiP/MOAD	4.6027397260274	0.194381958780325
BioLiP/MOAD	4.63013698630137	0.194147920628685
BioLiP/MOAD	4.65753424657534	0.193921850851624
BioLiP/MOAD	4.68493150684932	0.193707620386521
BioLiP/MOAD	4.71232876712329	0.193504609751306
BioLiP/MOAD	4.73972602739726	0.193313368682701
BioLiP/MOAD	4.76712328767123	0.193134731442933
BioLiP/MOAD	4.79452054794521	0.192969445548323
BioLiP/MOAD	4.82191780821918	0.192820501015852
BioLiP/MOAD	4.84931506849315	0.192688127731223
BioLiP/MOAD	4.87671232876712	0.192570289111843
BioLiP/MOAD	4.9041095890411	0.192466661881789
BioLiP/MOAD	4.93150684931507	0.192376670706612
BioLiP/MOAD	4.95890410958904	0.19230012046123
BioLiP/MOAD	4.98630136986301	0.192236835513783
BioLiP/MOAD	5.01369863013699	0.19218167917086
BioLiP/MOAD	5.04109589041096	0.192132254581858
BioLiP/MOAD	5.06849315068493	0.19208587696002
BioLiP/MOAD	5.0958904109589	0.192039579056661
BioLiP/MOAD	5.12328767123288	0.191987538670108
BioLiP/MOAD	5.15068493150685	0.19192517453615
BioLiP/MOAD	5.17808219178082	0.191848640219542
BioLiP/MOAD	5.20547945205479	0.191753830159266
BioLiP/MOAD	5.23287671232877	0.191636585547294
BioLiP/MOAD	5.26027397260274	0.191487436952818
BioLiP/MOAD	5.28767123287671	0.191300303021597
BioLiP/MOAD	5.31506849315069	0.191075400065472
BioLiP/MOAD	5.34246575342466	0.190809329291354
BioLiP/MOAD	5.36986301369863	0.190498984683772
BioLiP/MOAD	5.3972602739726	0.190138670994441
BioLiP/MOAD	5.42465753424658	0.189716043240975
BioLiP/MOAD	5.45205479452055	0.189241509968272
BioLiP/MOAD	5.47945205479452	0.188714551415827
BioLiP/MOAD	5.50684931506849	0.188135141919799
BioLiP/MOAD	5.53424657534247	0.187503752683307
BioLiP/MOAD	5.56164383561644	0.186809237396155
BioLiP/MOAD	5.58904109589041	0.186065514468334
BioLiP/MOAD	5.61643835616438	0.185277673564939
BioLiP/MOAD	5.64383561643836	0.18444903496621
BioLiP/MOAD	5.67123287671233	0.18358327984393
BioLiP/MOAD	5.6986301369863	0.182680434552434
BioLiP/MOAD	5.72602739726027	0.18174831348264
BioLiP/MOAD	5.75342465753425	0.180796356245
BioLiP/MOAD	5.78082191780822	0.179829419746309
BioLiP/MOAD	5.80821917808219	0.17885235564193
BioLiP/MOAD	5.83561643835616	0.177870074840024
BioLiP/MOAD	5.86301369863014	0.176889773970114
BioLiP/MOAD	5.89041095890411	0.175916732651705
BioLiP/MOAD	5.91780821917808	0.174954700319114
BioLiP/MOAD	5.94520547945206	0.174007097712766
BioLiP/MOAD	5.97260273972603	0.173077005088975
BioLiP/MOAD	6	0.172173109721856
BioLiP/MOAD	6.02739726027397	0.17129368808365
BioLiP/MOAD	6.05479452054795	0.170438850348721
BioLiP/MOAD	6.08219178082192	0.169609270145205
BioLiP/MOAD	6.10958904109589	0.1688052562288
BioLiP/MOAD	6.13698630136986	0.16803051462966
BioLiP/MOAD	6.16438356164384	0.167283700904906
BioLiP/MOAD	6.19178082191781	0.166559923115428
BioLiP/MOAD	6.21917808219178	0.165857824062612
BioLiP/MOAD	6.24657534246575	0.165175905260735
BioLiP/MOAD	6.27397260273973	0.164513397511917
BioLiP/MOAD	6.3013698630137	0.163870772412405
BioLiP/MOAD	6.32876712328767	0.163241756626347
BioLiP/MOAD	6.35616438356164	0.162624680382944
BioLiP/MOAD	6.38356164383562	0.162017939964609
BioLiP/MOAD	6.41095890410959	0.161420003398587
BioLiP/MOAD	6.43835616438356	0.160830718811325
BioLiP/MOAD	6.46575342465753	0.160246798557221
BioLiP/MOAD	6.49315068493151	0.159666790659859
BioLiP/MOAD	6.52054794520548	0.159089598292023
BioLiP/MOAD	6.54794520547945	0.15851414202965
BioLiP/MOAD	6.57534246575342	0.157939152313358
BioLiP/MOAD	6.6027397260274	0.157362654386138
BioLiP/MOAD	6.63013698630137	0.156783130192794
BioLiP/MOAD	6.65753424657534	0.156198922644559
BioLiP/MOAD	6.68493150684932	0.155608164071884
BioLiP/MOAD	6.71232876712329	0.155008116148904
BioLiP/MOAD	6.73972602739726	0.15439238725516
BioLiP/MOAD	6.76712328767123	0.153759837461026
BioLiP/MOAD	6.79452054794521	0.153106801287706
BioLiP/MOAD	6.82191780821918	0.152429294612365
BioLiP/MOAD	6.84931506849315	0.151723017948279
BioLiP/MOAD	6.87671232876712	0.150972648530185
BioLiP/MOAD	6.9041095890411	0.150177462604205
BioLiP/MOAD	6.93150684931507	0.149333622560185
BioLiP/MOAD	6.95890410958904	0.148435453874062
BioLiP/MOAD	6.98630136986301	0.147477206653922
BioLiP/MOAD	7.01369863013699	0.146441815690988
BioLiP/MOAD	7.04109589041096	0.145320047328751
BioLiP/MOAD	7.06849315068493	0.144116748835193
BioLiP/MOAD	7.0958904109589	0.142827057542439
BioLiP/MOAD	7.12328767123288	0.141446482060191
BioLiP/MOAD	7.15068493150685	0.139966020867929
BioLiP/MOAD	7.17808219178082	0.138360903588216
BioLiP/MOAD	7.20547945205479	0.136653251445196
BioLiP/MOAD	7.23287671232877	0.134842042383572
BioLiP/MOAD	7.26027397260274	0.132926962775523
BioLiP/MOAD	7.28767123287671	0.130908417599486
BioLiP/MOAD	7.31506849315069	0.1287634342093
BioLiP/MOAD	7.34246575342466	0.126516365323852
BioLiP/MOAD	7.36986301369863	0.12417673971534
BioLiP/MOAD	7.3972602739726	0.12174958428928
BioLiP/MOAD	7.42465753424658	0.119240613802409
BioLiP/MOAD	7.45205479452055	0.116646929755317
BioLiP/MOAD	7.47945205479452	0.113980772549476
BioLiP/MOAD	7.50684931506849	0.111262057012463
BioLiP/MOAD	7.53424657534247	0.108499838138139
BioLiP/MOAD	7.56164383561644	0.105703502420901
BioLiP/MOAD	7.58904109589041	0.102882296986097
BioLiP/MOAD	7.61643835616438	0.100049269152323
BioLiP/MOAD	7.64383561643836	0.0972205848402043
BioLiP/MOAD	7.67123287671233	0.0944062754697697
BioLiP/MOAD	7.6986301369863	0.0916162121712763
BioLiP/MOAD	7.72602739726027	0.088860077478005
BioLiP/MOAD	7.75342465753425	0.0861617634127566
BioLiP/MOAD	7.78082191780822	0.0835251916838391
BioLiP/MOAD	7.80821917808219	0.080955525342076
BioLiP/MOAD	7.83561643835616	0.0784598424466086
BioLiP/MOAD	7.86301369863014	0.0760446368933947
BioLiP/MOAD	7.89041095890411	0.0737294326998083
BioLiP/MOAD	7.91780821917808	0.0715223323718791
BioLiP/MOAD	7.94520547945206	0.0694128209507795
BioLiP/MOAD	7.97260273972603	0.0674031092510209
BioLiP/MOAD	8	0.0654946809481288
BioLiP/MOAD	8.02739726027397	0.0636928392090845
BioLiP/MOAD	8.05479452054795	0.0620179809193739
BioLiP/MOAD	8.08219178082192	0.0604419398152396
BioLiP/MOAD	8.10958904109589	0.0589619532623872
BioLiP/MOAD	8.13698630136986	0.0575746944351924
BioLiP/MOAD	8.16438356164383	0.056276290726895
BioLiP/MOAD	8.19178082191781	0.055080643234217
BioLiP/MOAD	8.21917808219178	0.0539641714260768
BioLiP/MOAD	8.24657534246575	0.0529164086802977
BioLiP/MOAD	8.27397260273973	0.0519313172175644
BioLiP/MOAD	8.3013698630137	0.0510027147491938
BioLiP/MOAD	8.32876712328767	0.0501300375390628
BioLiP/MOAD	8.35616438356164	0.0493036010843107
BioLiP/MOAD	8.38356164383562	0.0485097830281556
BioLiP/MOAD	8.41095890410959	0.0477428648235922
BioLiP/MOAD	8.43835616438356	0.046997402204358
BioLiP/MOAD	8.46575342465753	0.0462686618584728
BioLiP/MOAD	8.49315068493151	0.045552087871488
BioLiP/MOAD	8.52054794520548	0.0448401385411554
BioLiP/MOAD	8.54794520547945	0.0441298884454805
BioLiP/MOAD	8.57534246575342	0.0434189011766481
BioLiP/MOAD	8.6027397260274	0.0427052319745468
BioLiP/MOAD	8.63013698630137	0.0419863061696765
BioLiP/MOAD	8.65753424657534	0.0412624253678735
BioLiP/MOAD	8.68493150684932	0.0405343612884814
BioLiP/MOAD	8.71232876712329	0.0398030303108875
BioLiP/MOAD	8.73972602739726	0.0390697206927417
BioLiP/MOAD	8.76712328767123	0.0383365400008425
BioLiP/MOAD	8.7945205479452	0.0376071249872253
BioLiP/MOAD	8.82191780821918	0.0368840412629134
BioLiP/MOAD	8.84931506849315	0.0361699339194651
BioLiP/MOAD	8.87671232876712	0.0354674878421541
BioLiP/MOAD	8.9041095890411	0.0347801448583273
BioLiP/MOAD	8.93150684931507	0.0341156927509412
BioLiP/MOAD	8.95890410958904	0.0334725794942979
BioLiP/MOAD	8.98630136986301	0.0328527535801956
BioLiP/MOAD	9.01369863013699	0.0322578968205476
BioLiP/MOAD	9.04109589041096	0.0316894124705086
BioLiP/MOAD	9.06849315068493	0.0311551242125
BioLiP/MOAD	9.0958904109589	0.0306505351084865
BioLiP/MOAD	9.12328767123288	0.0301736271525145
BioLiP/MOAD	9.15068493150685	0.0297236897049037
BioLiP/MOAD	9.17808219178082	0.0292996714388525
BioLiP/MOAD	9.20547945205479	0.0289031366725304
BioLiP/MOAD	9.23287671232877	0.0285312605950594
BioLiP/MOAD	9.26027397260274	0.0281776001188731
BioLiP/MOAD	9.28767123287671	0.0278394033263185
BioLiP/MOAD	9.31506849315068	0.0275137504905383
BioLiP/MOAD	9.34246575342466	0.0271977479439585
BioLiP/MOAD	9.36986301369863	0.0268876382735369
BioLiP/MOAD	9.3972602739726	0.0265776941980947
BioLiP/MOAD	9.42465753424657	0.0262646878108898
BioLiP/MOAD	9.45205479452055	0.0259454739333975
BioLiP/MOAD	9.47945205479452	0.0256170031510702
BioLiP/MOAD	9.50684931506849	0.025272384564902
BioLiP/MOAD	9.53424657534246	0.0249100934327613
BioLiP/MOAD	9.56164383561644	0.0245288349727455
BioLiP/MOAD	9.58904109589041	0.0241267483871232
BioLiP/MOAD	9.61643835616438	0.0237022207066933
BioLiP/MOAD	9.64383561643836	0.0232504558060921
BioLiP/MOAD	9.67123287671233	0.0227695075519978
BioLiP/MOAD	9.6986301369863	0.0222630533458499
BioLiP/MOAD	9.72602739726027	0.0217311300845086
BioLiP/MOAD	9.75342465753425	0.0211740282589106
BioLiP/MOAD	9.78082191780822	0.0205914458486196
BioLiP/MOAD	9.80821917808219	0.0199795453997937
BioLiP/MOAD	9.83561643835616	0.0193462764565192
BioLiP/MOAD	9.86301369863014	0.0186932794724447
BioLiP/MOAD	9.89041095890411	0.0180223544032641
BioLiP/MOAD	9.91780821917808	0.0173354535268256
BioLiP/MOAD	9.94520547945205	0.0166323731972747
BioLiP/MOAD	9.97260273972603	0.0159188916071503
BioLiP/MOAD	10	0.0151983068426308
BioLiP/MOAD	10.027397260274	0.0144731083193454
BioLiP/MOAD	10.0547945205479	0.0137458116806934
BioLiP/MOAD	10.0821917808219	0.0130195554228865
BioLiP/MOAD	10.1095890410959	0.0122985200062836
BioLiP/MOAD	10.1369863013699	0.0115849553621574
BioLiP/MOAD	10.1643835616438	0.010881185236392
BioLiP/MOAD	10.1917808219178	0.0101894516457636
BioLiP/MOAD	10.2191780821918	0.00951249351847567
BioLiP/MOAD	10.2465753424658	0.0088571552561646
BioLiP/MOAD	10.2739726027397	0.00822130399331457
BioLiP/MOAD	10.3013698630137	0.00760645805904905
BioLiP/MOAD	10.3287671232877	0.00701399259918131
BioLiP/MOAD	10.3561643835616	0.00644513792698189
BioLiP/MOAD	10.3835616438356	0.00590703778847313
BioLiP/MOAD	10.4109589041096	0.0053966416762864
BioLiP/MOAD	10.4383561643836	0.00491273555358356
BioLiP/MOAD	10.4657534246575	0.00445561804089819
BioLiP/MOAD	10.4931506849315	0.00402544591718302
BioLiP/MOAD	10.5205479452055	0.00362575944841131
BioLiP/MOAD	10.5479452054795	0.00325707022856046
BioLiP/MOAD	10.5753424657534	0.00291438400735103
BioLiP/MOAD	10.6027397260274	0.0025971088426192
BioLiP/MOAD	10.6301369863014	0.0023045622750653
BioLiP/MOAD	10.6575342465753	0.00203670063114912
BioLiP/MOAD	10.6849315068493	0.00179753821374092
BioLiP/MOAD	10.7123287671233	0.00157964540719144
BioLiP/MOAD	10.7397260273973	0.00138196911535193
BioLiP/MOAD	10.7671232876712	0.00120343220549891
BioLiP/MOAD	10.7945205479452	0.00104293708017095
BioLiP/MOAD	10.8219178082192	0.000902834075353145
BioLiP/MOAD	10.8493150684932	0.000778742815184677
BioLiP/MOAD	10.8767123287671	0.000668449023085843
BioLiP/MOAD	10.9041095890411	0.000570899642225793
BioLiP/MOAD	10.9315068493151	0.000485068231573
BioLiP/MOAD	10.958904109589	0.000411162635503117
BioLiP/MOAD	10.986301369863	0.00034805206763616
BioLiP/MOAD	11.013698630137	0.000293117526850176
BioLiP/MOAD	11.041095890411	0.000245569283692551
BioLiP/MOAD	11.0684931506849	0.000204661303268912
BioLiP/MOAD	11.0958904109589	0.000169841814305185
BioLiP/MOAD	11.1232876712329	0.000141401954951176
BioLiP/MOAD	11.1506849315068	0.000117228588172746
BioLiP/MOAD	11.1780821917808	9.68440876400238e-05
BioLiP/MOAD	11.2054794520548	7.98098808577004e-05
BioLiP/MOAD	11.2328767123288	6.57257972630086e-05
BioLiP/MOAD	11.2602739726027	5.47075791293886e-05
BioLiP/MOAD	11.2876712328767	4.59242892919692e-05
BioLiP/MOAD	11.3150684931507	3.89724806571847e-05
BioLiP/MOAD	11.3424657534247	3.36518790767269e-05
BioLiP/MOAD	11.3698630136986	2.97881901445797e-05
BioLiP/MOAD	11.3972602739726	2.73786149537144e-05
BioLiP/MOAD	11.4246575342466	2.63037337040275e-05
BioLiP/MOAD	11.4520547945205	2.62794213515308e-05
BioLiP/MOAD	11.4794520547945	2.72579097612337e-05
BioLiP/MOAD	11.5068493150685	2.92064287367957e-05
BioLiP/MOAD	11.5342465753425	3.2133191584947e-05
BioLiP/MOAD	11.5616438356164	3.62775706662162e-05
BioLiP/MOAD	11.5890410958904	4.14091091597383e-05
BioLiP/MOAD	11.6164383561644	4.75632434890746e-05
BioLiP/MOAD	11.6438356164384	5.47819322189496e-05
BioLiP/MOAD	11.6712328767123	6.31131892889883e-05
BioLiP/MOAD	11.6986301369863	7.28989929626682e-05
BioLiP/MOAD	11.7260273972603	8.40484211607213e-05
BioLiP/MOAD	11.7534246575342	9.65364065511857e-05
BioLiP/MOAD	11.7808219178082	0.000110422857905392
BioLiP/MOAD	11.8082191780822	0.000125765757700359
BioLiP/MOAD	11.8356164383562	0.00014282079406766
BioLiP/MOAD	11.8630136986301	0.000161736085960272
BioLiP/MOAD	11.8904109589041	0.000182278641099986
BioLiP/MOAD	11.9178082191781	0.000204470123110139
BioLiP/MOAD	11.9452054794521	0.000228322719794533
BioLiP/MOAD	11.972602739726	0.000253880645152023
BioLiP/MOAD	12	0.000281524298221975
BioLiP/MOAD	12.027397260274	0.000310749826114055
BioLiP/MOAD	12.0547945205479	0.00034149593047963
BioLiP/MOAD	12.0821917808219	0.000373688177610676
BioLiP/MOAD	12.1095890410959	0.000407239019689462
BioLiP/MOAD	12.1369863013699	0.000442279426434706
BioLiP/MOAD	12.1643835616438	0.000478428821366693
BioLiP/MOAD	12.1917808219178	0.000515444901902433
BioLiP/MOAD	12.2191780821918	0.000553167189200133
BioLiP/MOAD	12.2465753424658	0.000591426285561001
BioLiP/MOAD	12.2739726027397	0.000630050977302684
BioLiP/MOAD	12.3013698630137	0.000668739374919601
BioLiP/MOAD	12.3287671232877	0.000707236990417456
BioLiP/MOAD	12.3561643835616	0.000745346451057067
BioLiP/MOAD	12.3835616438356	0.000782870934451937
BioLiP/MOAD	12.4109589041096	0.000819589971090952
BioLiP/MOAD	12.4383561643836	0.000854959360413208
BioLiP/MOAD	12.4657534246575	0.000889020518459708
BioLiP/MOAD	12.4931506849315	0.000921605642536154
BioLiP/MOAD	12.5205479452055	0.000952555250160123
BioLiP/MOAD	12.5479452054795	0.000981718423878339
BioLiP/MOAD	12.5753424657534	0.00100847761248119
BioLiP/MOAD	12.6027397260274	0.00103293498408311
BioLiP/MOAD	12.6301369863014	0.00105514206146558
BioLiP/MOAD	12.6575342465753	0.00107500820377983
BioLiP/MOAD	12.6849315068493	0.00109245224150094
BioLiP/MOAD	12.7123287671233	0.00110708774380413
BioLiP/MOAD	12.7397260273973	0.00111868393349467
BioLiP/MOAD	12.7671232876712	0.00112764956175815
BioLiP/MOAD	12.7945205479452	0.00113395536815324
BioLiP/MOAD	12.8219178082192	0.00113757920507271
BioLiP/MOAD	12.8493150684932	0.00113844836923347
BioLiP/MOAD	12.8767123287671	0.00113586353730117
BioLiP/MOAD	12.9041095890411	0.00113058901645266
BioLiP/MOAD	12.9315068493151	0.00112264493074307
BioLiP/MOAD	12.958904109589	0.00111205859961737
BioLiP/MOAD	12.986301369863	0.0010988646659773
BioLiP/MOAD	13.013698630137	0.00108256320484541
BioLiP/MOAD	13.041095890411	0.00106360802219392
BioLiP/MOAD	13.0684931506849	0.00104228002605035
BioLiP/MOAD	13.0958904109589	0.00101866772792116
BioLiP/MOAD	13.1232876712329	0.00099286931905765
BioLiP/MOAD	13.1506849315068	0.000964768479587669
BioLiP/MOAD	13.1780821917808	0.000934457695537847
BioLiP/MOAD	13.2054794520548	0.000902456498374159
BioLiP/MOAD	13.2328767123288	0.000868922945951695
BioLiP/MOAD	13.2602739726027	0.000834023246119676
BioLiP/MOAD	13.2876712328767	0.000797913842297583
BioLiP/MOAD	13.3150684931507	0.000760623583896109
BioLiP/MOAD	13.3424657534247	0.000722682072645256
BioLiP/MOAD	13.3698630136986	0.000684286701705705
BioLiP/MOAD	13.3972602739726	0.000645635050259233
BioLiP/MOAD	13.4246575342466	0.0006069242865172
BioLiP/MOAD	13.4520547945205	0.000568450880475544
BioLiP/MOAD	13.4794520547945	0.000530474533782221
BioLiP/MOAD	13.5068493150685	0.000493151259619615
BioLiP/MOAD	13.5342465753425	0.000456643616754984
BioLiP/MOAD	13.5616438356164	0.000421104472073289
BioLiP/MOAD	13.5890410958904	0.000386829396978116
BioLiP/MOAD	13.6164383561644	0.000354091050036886
BioLiP/MOAD	13.6438356164384	0.000322773515900156
BioLiP/MOAD	13.6712328767123	0.000292953438345537
BioLiP/MOAD	13.6986301369863	0.000264694214093152
BioLiP/MOAD	13.7260273972603	0.000238074029959771
BioLiP/MOAD	13.7534246575342	0.000213570923975103
BioLiP/MOAD	13.7808219178082	0.000190726611552819
BioLiP/MOAD	13.8082191780822	0.000169528298206482
BioLiP/MOAD	13.8356164383562	0.000149953423267447
BioLiP/MOAD	13.8630136986301	0.000131970020710962
BioLiP/MOAD	13.8904109589041	0.000115850983113124
BioLiP/MOAD	13.9178082191781	0.000101305942319657
BioLiP/MOAD	13.9452054794521	8.81402480397376e-05
BioLiP/MOAD	13.972602739726	7.62841936590661e-05
BioLiP/MOAD	14	6.56651261338645e-05
