external_cold_category	category	outcome	inference_scheme	cluster_variables	n	estimate	standard_error	ci95_lower	ci95_upper	scaffold_clusters	protein_clusters	primary_documents	document_components
drug_cold	Ligand cold	delta_mae	Pair-level HC1	none	7378	-0.0226812394874171	0.0111721715513776	-0.0445786957281172	-0.000783783246717067	2196	117	822	705
drug_cold	Ligand cold	coverage_90	Pair-level HC1	none	7378	0.658308484684165	0.00552194316037112	0.647485476089838	0.669131493278493	2196	117	822	705
drug_cold	Ligand cold	mean_bias	Pair-level HC1	none	7378	-0.161449939686469	0.0177774458932512	-0.196293733637241	-0.126606145735696	2196	117	822	705
drug_cold	Ligand cold	calibration_slope	Pair-level HC1	none	7378	0.409881164745095	0.0157024758752543	0.379104312029597	0.440658017460593	2196	117	822	705
drug_cold	Ligand cold	delta_mae	Scaffold + protein	frozen_scaffold_id + protein_identity_cluster_id	7378	-0.0226812394874171	0.0789685918088368	-0.177459679432737	0.132097200457903	2196	117	822	705
drug_cold	Ligand cold	coverage_90	Scaffold + protein	frozen_scaffold_id + protein_identity_cluster_id	7378	0.658308484684165	0.0213433245397135	0.616475568586327	0.700141400782004	2196	117	822	705
drug_cold	Ligand cold	mean_bias	Scaffold + protein	frozen_scaffold_id + protein_identity_cluster_id	7378	-0.161449939686469	0.142261315767356	-0.440282118590486	0.117382239217549	2196	117	822	705
drug_cold	Ligand cold	calibration_slope	Scaffold + protein	frozen_scaffold_id + protein_identity_cluster_id	7378	0.409881164745095	0.0703707251861074	0.271954543380325	0.547807786109865	2196	117	822	705
drug_cold	Ligand cold	delta_mae	Primary document	primary_document_id	7378	-0.0226812394874171	0.0653128435388893	-0.15069441282364	0.105331933848806	2196	117	822	705
drug_cold	Ligand cold	coverage_90	Primary document	primary_document_id	7378	0.658308484684165	0.0189028876497568	0.621258824890642	0.695358144477689	2196	117	822	705
drug_cold	Ligand cold	mean_bias	Primary document	primary_document_id	7378	-0.161449939686469	0.135242189468737	-0.426524631045194	0.103624751672256	2196	117	822	705
drug_cold	Ligand cold	calibration_slope	Primary document	primary_document_id	7378	0.409881164745095	0.0647500594260755	0.282971048269987	0.536791281220203	2196	117	822	705
drug_cold	Ligand cold	delta_mae	Scaffold + protein + primary document	frozen_scaffold_id + protein_identity_cluster_id + primary_document_id	7378	-0.0226812394874171	0.0886528312736665	-0.196440788783803	0.151078309808969	2196	117	822	705
drug_cold	Ligand cold	coverage_90	Scaffold + protein + primary document	frozen_scaffold_id + protein_identity_cluster_id + primary_document_id	7378	0.658308484684165	0.0216070441801365	0.615958678091098	0.700658291277233	2196	117	822	705
drug_cold	Ligand cold	mean_bias	Scaffold + protein + primary document	frozen_scaffold_id + protein_identity_cluster_id + primary_document_id	7378	-0.161449939686469	0.173026611286147	-0.500582097807317	0.177682218434379	2196	117	822	705
drug_cold	Ligand cold	calibration_slope	Scaffold + protein + primary document	frozen_scaffold_id + protein_identity_cluster_id + primary_document_id	7378	0.409881164745095	0.0761862480564626	0.260556118554428	0.559206210935762	2196	117	822	705
drug_cold	Ligand cold	delta_mae	Scaffold + protein + document component	frozen_scaffold_id + protein_identity_cluster_id + document_component_id	7378	-0.0226812394874171	0.0994219893825629	-0.21754833867724	0.172185859702406	2196	117	822	705
drug_cold	Ligand cold	coverage_90	Scaffold + protein + document component	frozen_scaffold_id + protein_identity_cluster_id + document_component_id	7378	0.658308484684165	0.0185236419743633	0.622002146414413	0.694614822953917	2196	117	822	705
drug_cold	Ligand cold	mean_bias	Scaffold + protein + document component	frozen_scaffold_id + protein_identity_cluster_id + document_component_id	7378	-0.161449939686469	0.185568392866534	-0.525163989704875	0.202264110331938	2196	117	822	705
drug_cold	Ligand cold	calibration_slope	Scaffold + protein + document component	frozen_scaffold_id + protein_identity_cluster_id + document_component_id	7378	0.409881164745095	0.0894292591366688	0.234599816837224	0.585162512652966	2196	117	822	705
protein_identity_cold	Target cold	delta_mae	Pair-level HC1	none	1802	0.180900795638708	0.020083222867469	0.141537678818469	0.220263912458947	146	340	290	251
protein_identity_cold	Target cold	coverage_90	Pair-level HC1	none	1802	0.639289678135397	0.0113154355364586	0.617111424483938	0.661467931786856	146	340	290	251
protein_identity_cold	Target cold	mean_bias	Pair-level HC1	none	1802	0.50741938294991	0.0340503875089894	0.44068062343229	0.574158142467529	146	340	290	251
protein_identity_cold	Target cold	calibration_slope	Pair-level HC1	none	1802	0.367650291711297	0.0375742093070472	0.294004841469485	0.44129574195311	146	340	290	251
protein_identity_cold	Target cold	delta_mae	Scaffold + protein	frozen_scaffold_id + protein_identity_cluster_id	1802	0.180900795638708	0.0836581166036329	0.0169308870955877	0.344870704181829	146	340	290	251
protein_identity_cold	Target cold	coverage_90	Scaffold + protein	frozen_scaffold_id + protein_identity_cluster_id	1802	0.639289678135397	0.0295314070110075	0.581408120393822	0.697171235876971	146	340	290	251
protein_identity_cold	Target cold	mean_bias	Scaffold + protein	frozen_scaffold_id + protein_identity_cluster_id	1802	0.50741938294991	0.135275242204136	0.242279908229804	0.772558857670015	146	340	290	251
protein_identity_cold	Target cold	calibration_slope	Scaffold + protein	frozen_scaffold_id + protein_identity_cluster_id	1802	0.367650291711297	0.0968600471122964	0.177804599371196	0.557495984051398	146	340	290	251
protein_identity_cold	Target cold	delta_mae	Primary document	primary_document_id	1802	0.180900795638708	0.146624242326773	-0.106482719321767	0.468284310599183	146	340	290	251
protein_identity_cold	Target cold	coverage_90	Primary document	primary_document_id	1802	0.639289678135397	0.025355964676365	0.589591987369721	0.688987368901072	146	340	290	251
protein_identity_cold	Target cold	mean_bias	Primary document	primary_document_id	1802	0.50741938294991	0.180678958183419	0.153288624910407	0.861550140989412	146	340	290	251
protein_identity_cold	Target cold	calibration_slope	Primary document	primary_document_id	1802	0.367650291711297	0.156909259680367	0.0601081427377785	0.675192440684816	146	340	290	251
protein_identity_cold	Target cold	delta_mae	Scaffold + protein + primary document	frozen_scaffold_id + protein_identity_cluster_id + primary_document_id	1802	0.180900795638708	0.155431363047221	-0.123744675933844	0.485546267211261	146	340	290	251
protein_identity_cold	Target cold	coverage_90	Scaffold + protein + primary document	frozen_scaffold_id + protein_identity_cluster_id + primary_document_id	1802	0.639289678135397	0.0249940777946765	0.590301285657831	0.688278070612963	146	340	290	251
protein_identity_cold	Target cold	mean_bias	Scaffold + protein + primary document	frozen_scaffold_id + protein_identity_cluster_id + primary_document_id	1802	0.50741938294991	0.193214360158667	0.128719237038922	0.886119528860897	146	340	290	251
protein_identity_cold	Target cold	calibration_slope	Scaffold + protein + primary document	frozen_scaffold_id + protein_identity_cluster_id + primary_document_id	1802	0.367650291711297	0.160553162418835	0.0529660933703803	0.682334490052214	146	340	290	251
protein_identity_cold	Target cold	delta_mae	Scaffold + protein + document component	frozen_scaffold_id + protein_identity_cluster_id + document_component_id	1802	0.180900795638708	0.147124046445402	-0.10746233539428	0.469263926671696	146	340	290	251
protein_identity_cold	Target cold	coverage_90	Scaffold + protein + document component	frozen_scaffold_id + protein_identity_cluster_id + document_component_id	1802	0.639289678135397	0.0294033002880729	0.581659209570774	0.69692014670002	146	340	290	251
protein_identity_cold	Target cold	mean_bias	Scaffold + protein + document component	frozen_scaffold_id + protein_identity_cluster_id + document_component_id	1802	0.50741938294991	0.165845057270971	0.182363070698806	0.832475695201013	146	340	290	251
protein_identity_cold	Target cold	calibration_slope	Scaffold + protein + document component	frozen_scaffold_id + protein_identity_cluster_id + document_component_id	1802	0.367650291711297	0.163680458289204	0.046836593464458	0.688463989958137	146	340	290	251
seen_molecule_and_protein_cluster_new_pair	New relation	delta_mae	Pair-level HC1	none	496	0.33274219903969	0.0415488702245034	0.251306413399663	0.414177984679716	72	47	37	31
seen_molecule_and_protein_cluster_new_pair	New relation	coverage_90	Pair-level HC1	none	496	0.721774193548382	0.020141730492293	0.682296401783488	0.761251985313276	72	47	37	31
seen_molecule_and_protein_cluster_new_pair	New relation	mean_bias	Pair-level HC1	none	496	0.763016262556413	0.0492048530484915	0.666574750581369	0.859457774531456	72	47	37	31
seen_molecule_and_protein_cluster_new_pair	New relation	calibration_slope	Pair-level HC1	none	496	0.237096187771653	0.0657268159344423	0.108271628540146	0.36592074700316	72	47	37	31
seen_molecule_and_protein_cluster_new_pair	New relation	delta_mae	Scaffold + protein	frozen_scaffold_id + protein_identity_cluster_id	496	0.33274219903969	0.0845289517290148	0.167065453650821	0.498418944428559	72	47	37	31
seen_molecule_and_protein_cluster_new_pair	New relation	coverage_90	Scaffold + protein	frozen_scaffold_id + protein_identity_cluster_id	496	0.721774193548382	0.0334720107798816	0.656169052419814	0.78737933467695	72	47	37	31
seen_molecule_and_protein_cluster_new_pair	New relation	mean_bias	Scaffold + protein	frozen_scaffold_id + protein_identity_cluster_id	496	0.763016262556413	0.11625011290466	0.535166041263279	0.990866483849546	72	47	37	31
seen_molecule_and_protein_cluster_new_pair	New relation	calibration_slope	Scaffold + protein	frozen_scaffold_id + protein_identity_cluster_id	496	0.237096187771653	0.108830894777521	0.0237876340077126	0.450404741535593	72	47	37	31
seen_molecule_and_protein_cluster_new_pair	New relation	delta_mae	Primary document	primary_document_id	496	0.33274219903969	0.0631558853043387	0.208956663843186	0.456527734236194	72	47	37	31
seen_molecule_and_protein_cluster_new_pair	New relation	coverage_90	Primary document	primary_document_id	496	0.721774193548382	0.00637889738189188	0.709271554679874	0.73427683241689	72	47	37	31
seen_molecule_and_protein_cluster_new_pair	New relation	mean_bias	Primary document	primary_document_id	496	0.763016262556413	0.140610647873873	0.487419392723623	1.0386131323892	72	47	37	31
seen_molecule_and_protein_cluster_new_pair	New relation	calibration_slope	Primary document	primary_document_id	496	0.237096187771653	0.0736362929793634	0.0927690535321005	0.381423322011205	72	47	37	31
seen_molecule_and_protein_cluster_new_pair	New relation	delta_mae	Scaffold + protein + primary document	frozen_scaffold_id + protein_identity_cluster_id + primary_document_id	496	0.33274219903969	0.068063919250097	0.1993369173095	0.46614748076988	72	47	37	31
seen_molecule_and_protein_cluster_new_pair	New relation	coverage_90	Scaffold + protein + primary document	frozen_scaffold_id + protein_identity_cluster_id + primary_document_id	496	0.721774193548382	0.00694045796799733	0.708170895931107	0.735377491165657	72	47	37	31
seen_molecule_and_protein_cluster_new_pair	New relation	mean_bias	Scaffold + protein + primary document	frozen_scaffold_id + protein_identity_cluster_id + primary_document_id	496	0.763016262556413	0.143656845720719	0.481448844943804	1.04458368016902	72	47	37	31
seen_molecule_and_protein_cluster_new_pair	New relation	calibration_slope	Scaffold + protein + primary document	frozen_scaffold_id + protein_identity_cluster_id + primary_document_id	496	0.237096187771653	0.0784037154761753	0.0834249054383492	0.390767470104957	72	47	37	31
seen_molecule_and_protein_cluster_new_pair	New relation	delta_mae	Scaffold + protein + document component	frozen_scaffold_id + protein_identity_cluster_id + document_component_id	496	0.33274219903969	0.0445040613239697	0.245514238844709	0.41997015923467	72	47	37	31
seen_molecule_and_protein_cluster_new_pair	New relation	coverage_90	Scaffold + protein + document component	frozen_scaffold_id + protein_identity_cluster_id + document_component_id	496	0.721774193548382	0.0093922718513219	0.703365340719791	0.740183046376973	72	47	37	31
seen_molecule_and_protein_cluster_new_pair	New relation	mean_bias	Scaffold + protein + document component	frozen_scaffold_id + protein_identity_cluster_id + document_component_id	496	0.763016262556413	0.129202362681025	0.509779631701603	1.01625289341122	72	47	37	31
seen_molecule_and_protein_cluster_new_pair	New relation	calibration_slope	Scaffold + protein + document component	frozen_scaffold_id + protein_identity_cluster_id + document_component_id	496	0.237096187771653	0.0801578827258079	0.0799867376290694	0.394205637914236	72	47	37	31
strict_scaffold_protein_identity_double_cold	Double cold	delta_mae	Pair-level HC1	none	15760	0.0451900679396583	0.00617888375733694	0.0330794557752779	0.0573006801040387	5152	2441	1896	1694
strict_scaffold_protein_identity_double_cold	Double cold	coverage_90	Pair-level HC1	none	15760	0.660723350253987	0.00377157271592593	0.653331067730772	0.668115632777202	5152	2441	1896	1694
strict_scaffold_protein_identity_double_cold	Double cold	mean_bias	Pair-level HC1	none	15760	0.183273455173709	0.0115908300487739	0.160555428278112	0.205991482069306	5152	2441	1896	1694
strict_scaffold_protein_identity_double_cold	Double cold	calibration_slope	Pair-level HC1	none	15760	0.343528737343363	0.0148852034693646	0.314353738543409	0.372703736143318	5152	2441	1896	1694
strict_scaffold_protein_identity_double_cold	Double cold	delta_mae	Scaffold + protein	frozen_scaffold_id + protein_identity_cluster_id	15760	0.0451900679396583	0.0233881306831396	-0.000650668199295212	0.0910308040786119	5152	2441	1896	1694
strict_scaffold_protein_identity_double_cold	Double cold	coverage_90	Scaffold + protein	frozen_scaffold_id + protein_identity_cluster_id	15760	0.660723350253987	0.0117653445646858	0.637663274907203	0.683783425600771	5152	2441	1896	1694
strict_scaffold_protein_identity_double_cold	Double cold	mean_bias	Scaffold + protein	frozen_scaffold_id + protein_identity_cluster_id	15760	0.183273455173709	0.0568047117596872	0.0719362201247223	0.294610690222696	5152	2441	1896	1694
strict_scaffold_protein_identity_double_cold	Double cold	calibration_slope	Scaffold + protein	frozen_scaffold_id + protein_identity_cluster_id	15760	0.343528737343363	0.0580675060688909	0.229716425448337	0.45734104923839	5152	2441	1896	1694
strict_scaffold_protein_identity_double_cold	Double cold	delta_mae	Primary document	primary_document_id	15760	0.0451900679396583	0.0336830969574531	-0.0208288020969497	0.111208937976266	5152	2441	1896	1694
strict_scaffold_protein_identity_double_cold	Double cold	coverage_90	Primary document	primary_document_id	15760	0.660723350253987	0.0127362201684394	0.635760358723846	0.685686341784128	5152	2441	1896	1694
strict_scaffold_protein_identity_double_cold	Double cold	mean_bias	Primary document	primary_document_id	15760	0.183273455173709	0.063733777479382	0.0583552513141206	0.308191659033298	5152	2441	1896	1694
strict_scaffold_protein_identity_double_cold	Double cold	calibration_slope	Primary document	primary_document_id	15760	0.343528737343363	0.0634760533667732	0.219115672744488	0.467941801942239	5152	2441	1896	1694
strict_scaffold_protein_identity_double_cold	Double cold	delta_mae	Scaffold + protein + primary document	frozen_scaffold_id + protein_identity_cluster_id + primary_document_id	15760	0.0451900679396583	0.0362728159220552	-0.0259046512675699	0.116284787146887	5152	2441	1896	1694
strict_scaffold_protein_identity_double_cold	Double cold	coverage_90	Scaffold + protein + primary document	frozen_scaffold_id + protein_identity_cluster_id + primary_document_id	15760	0.660723350253987	0.0140217706657068	0.633240679749202	0.688206020758772	5152	2441	1896	1694
strict_scaffold_protein_identity_double_cold	Double cold	mean_bias	Scaffold + protein + primary document	frozen_scaffold_id + protein_identity_cluster_id + primary_document_id	15760	0.183273455173709	0.0705155786715578	0.045062920977456	0.321483989369963	5152	2441	1896	1694
strict_scaffold_protein_identity_double_cold	Double cold	calibration_slope	Scaffold + protein + primary document	frozen_scaffold_id + protein_identity_cluster_id + primary_document_id	15760	0.343528737343363	0.0699134130793651	0.206498447707808	0.480559026978919	5152	2441	1896	1694
strict_scaffold_protein_identity_double_cold	Double cold	delta_mae	Scaffold + protein + document component	frozen_scaffold_id + protein_identity_cluster_id + document_component_id	15760	0.0451900679396583	0.0434572409900996	-0.0399861244009368	0.130366260280253	5152	2441	1896	1694
strict_scaffold_protein_identity_double_cold	Double cold	coverage_90	Scaffold + protein + document component	frozen_scaffold_id + protein_identity_cluster_id + document_component_id	15760	0.660723350253987	0.0127381670912036	0.635756542755228	0.685690157752746	5152	2441	1896	1694
strict_scaffold_protein_identity_double_cold	Double cold	mean_bias	Scaffold + protein + document component	frozen_scaffold_id + protein_identity_cluster_id + document_component_id	15760	0.183273455173709	0.0603729809402879	0.064942412530745	0.301604497816673	5152	2441	1896	1694
strict_scaffold_protein_identity_double_cold	Double cold	calibration_slope	Scaffold + protein + document component	frozen_scaffold_id + protein_identity_cluster_id + document_component_id	15760	0.343528737343363	0.0901192227823264	0.166895060690004	0.520162413996723	5152	2441	1896	1694
